{"type":"FeatureCollection","features":[{"type":"Feature","properties":{"d":1},"geometry":{"type":"MultiPolygon","coordinates":[[[[-123.7192,41.5956],[-123.6966,41.6339],[-123.6804,41.634],[-123.6884,41.6527],[-123.6853,41.66],[-123.6896,41.6694],[-123.6628,41.6935],[-123.6701,41.7017],[-123.6602,41.7141],[-123.6661,41.7322],[-123.6783,41.7385],[-123.6883,41.7812],[-123.6746,41.7856],[-123.6721,41.796],[-123.69,41.8032],[-123.6944,41.8156],[-123.703,41.8197],[-123.7037,41.8295],[-123.6829,41.8371],[-123.6708,41.8354],[-123.6713,41.845],[-123.6615,41.8565],[-123.6495,41.8603],[-123.6514,41.8729],[-123.6465,41.8766],[-123.6523,41.8789],[-123.6422,41.8897],[-123.6245,41.8884],[-123.6171,41.8818],[-123.6063,41.8808],[-123.5936,41.9063],[-123.578,41.903],[-123.5595,41.906],[-123.5536,41.9147],[-123.5544,41.9301],[-123.5333,41.9552],[-123.5409,41.9853],[-123.5199,41.9952],[-123.5179,42.0008],[-123.347,41.9993],[-123.1457,42.0088],[-123.044,42.0031],[-122.378,42.0095],[-120.9901,41.9931],[-119.9992,41.9949],[-119.9957,40.3758],[-120.0053,39.4001],[-120.0211,39.4001],[-120.0258,39.3934],[-120.023,39.3798],[-120.041,39.3704],[-120.0643,39.3738],[-120.0859,39.3873],[-120.1133,39.375],[-120.1162,39.368],[-120.1377,39.3679],[-120.1378,39.3749],[-120.1493,39.3747],[-120.1609,39.3673],[-120.1817,39.3726],[-120.1847,39.3671],[-120.2204,39.3631],[-120.2365,39.3741],[-120.2548,39.374],[-120.2547,39.3587],[-120.2733,39.3582],[-120.3059,39.3359],[-120.3132,39.3422],[-120.3348,39.3434],[-120.3739,39.327],[-120.3914,39.3291],[-120.4001,39.3367],[-120.4079,39.329],[-120.4612,39.321],[-120.4644,39.3161],[-120.4495,39.3137],[-120.4452,39.3075],[-120.4573,39.3055],[-120.445,39.2923],[-120.4468,39.2808],[-120.4525,39.2761],[-120.4498,39.2704],[-120.4539,39.2586],[-120.4166,39.2527],[-120.4206,39.2435],[-120.4341,39.2417],[-120.4334,39.2329],[-120.4439,39.2227],[-120.4326,39.2167],[-120.4256,39.1999],[-120.4318,39.1967],[-120.4396,39.1772],[-120.4605,39.1658],[-120.461,39.1726],[-120.471,39.1743],[-120.477,39.1684],[-120.4851,39.169],[-120.4883,39.1603],[-120.4974,39.1617],[-120.5028,39.1564],[-120.5056,39.1735],[-120.5169,39.1725],[-120.5363,39.1838],[-120.5439,39.1791],[-120.5515,39.1856],[-120.5688,39.1833],[-120.5672,39.1928],[-120.6079,39.1851],[-120.6148,39.1818],[-120.6112,39.1759],[-120.6204,39.1569],[-120.618,39.1537],[-120.6239,39.1489],[-120.6236,39.1281],[-120.6345,39.1163],[-120.6259,39.1198],[-120.6171,39.1162],[-120.6386,39.101],[-120.6652,39.1017],[-120.6652,39.0957],[-120.6704,39.095],[-120.6703,39.1116],[-120.6867,39.1179],[-120.6895,39.1133],[-120.6924,39.1219],[-120.6926,39.1278],[-120.6836,39.1377],[-120.7016,39.1359],[-120.719,39.1144],[-120.7256,39.1195],[-120.7351,39.1191],[-120.7688,39.1074],[-120.7707,39.0903],[-120.7685,39.0848],[-120.7653,39.0891],[-120.7629,39.0755],[-120.7719,39.0731],[-120.7827,39.0807],[-120.7836,39.0747],[-120.7902,39.0715],[-120.7694,39.0588],[-120.784,39.0492],[-120.8021,39.0266],[-120.7958,39.0309],[-120.7918,39.0305],[-120.7938,39.026],[-120.786,39.0277],[-120.7883,38.9999],[-120.7981,38.9961],[-120.8086,39.001],[-120.8247,38.9927],[-120.8347,38.9716],[-120.8499,38.9765],[-120.8555,38.9677],[-120.8521,38.9595],[-120.8593,38.952],[-120.8879,38.9597],[-120.902,38.9531],[-120.9373,38.9637],[-120.9406,38.961],[-120.9386,38.9356],[-120.9578,38.9391],[-120.9651,38.9328],[-120.992,38.9272],[-120.9912,38.9236],[-121.0002,38.9179],[-121.0198,38.9181],[-121.0338,38.9128],[-121.0399,38.9159],[-121.0534,38.8995],[-121.0455,38.8903],[-121.0606,38.8841],[-121.076,38.8856],[-121.0724,38.8805],[-121.0787,38.8824],[-121.0776,38.8869],[-121.084,38.8805],[-121.0879,38.8853],[-121.1202,38.881],[-121.1359,38.8835],[-121.1359,38.889],[-121.1451,38.8907],[-121.1446,38.8951],[-121.1247,38.8915],[-121.1325,38.9055],[-121.1447,38.9125],[-121.1438,38.9258],[-121.1281,38.915],[-121.1261,38.9183],[-121.1354,38.9198],[-121.1354,38.9268],[-121.144,38.9269],[-121.1453,38.935],[-121.1401,38.946],[-121.1297,38.9398],[-121.1244,38.9424],[-121.1259,38.9503],[-121.1336,38.9513],[-121.1352,38.9632],[-121.1449,38.9663],[-121.1352,38.9654],[-121.1352,39.0004],[-121.1287,38.9987],[-121.128,39.004],[-121.1211,38.9962],[-121.1143,39.0011],[-121.1099,38.9983],[-121.1042,39.0119],[-121.1232,39.0244],[-121.1253,39.0326],[-121.1389,39.0377],[-121.1525,39.0268],[-121.1726,39.0185],[-121.1794,39.02],[-121.1874,39.0125],[-121.1989,39.0175],[-121.2059,39.0119],[-121.221,39.0118],[-121.2329,39.0247],[-121.241,39.0214],[-121.2497,39.0289],[-121.2902,39.0369],[-121.306,39.0529],[-121.3539,39.0313],[-121.3656,39.0317],[-121.3845,39.0145],[-121.4148,38.9984],[-121.4144,38.9262],[-121.4694,38.926],[-121.4698,38.7516],[-121.4844,38.7514],[-121.4844,38.7346],[-121.6029,38.7358],[-121.5934,38.754],[-121.5932,38.7643],[-121.6049,38.7794],[-121.6245,38.7854],[-121.631,38.7829],[-121.628,38.7789],[-121.6344,38.7679],[-121.6462,38.7741],[-121.6389,38.7672],[-121.6541,38.7645],[-121.6632,38.7692],[-121.6585,38.755],[-121.668,38.7545],[-121.6738,38.7431],[-121.6772,38.7509],[-121.67,38.7593],[-121.6926,38.7677],[-121.6864,38.7754],[-121.6934,38.7898],[-121.6907,38.7956],[-121.7013,38.803],[-121.7233,38.8038],[-121.7234,38.8256],[-121.731,38.8353],[-121.7235,38.8523],[-121.7448,38.8642],[-121.7486,38.8713],[-121.7593,38.8684],[-121.7584,38.8624],[-121.7653,38.8642],[-121.7839,38.8564],[-121.7873,38.864],[-121.8024,38.8646],[-121.8172,38.8829],[-121.8068,38.8903],[-121.804,38.9017],[-121.7936,38.9007],[-121.7915,38.9054],[-121.8102,38.9079],[-121.8153,38.9112],[-121.8058,38.9108],[-121.8055,38.9151],[-121.8289,38.9185],[-121.8355,38.9245],[-122.338,38.9239],[-122.373,38.9398],[-122.394,38.9556],[-122.4019,38.9558],[-122.4095,38.9639],[-122.407,38.9714],[-122.4186,38.9828],[-122.4193,38.9893],[-122.4086,39.007],[-122.41,39.0175],[-122.4373,39.0214],[-122.467,39.0426],[-122.4658,39.0484],[-122.492,39.0535],[-122.4908,39.0648],[-122.4839,39.067],[-122.4905,39.0743],[-122.486,39.0856],[-122.4965,39.1078],[-122.4942,39.1151],[-122.5009,39.1211],[-122.4968,39.1405],[-122.481,39.1383],[-122.4745,39.1447],[-122.4826,39.1629],[-122.4754,39.1701],[-122.4773,39.1739],[-122.4918,39.1753],[-122.4985,39.1911],[-122.5084,39.1903],[-122.5145,39.1972],[-122.5153,39.2092],[-122.535,39.2116],[-122.5414,39.2069],[-122.5702,39.2039],[-122.582,39.212],[-122.6103,39.2162],[-122.6227,39.2232],[-122.6349,39.2232],[-122.6488,39.214],[-122.6654,39.2175],[-122.6735,39.2257],[-122.6797,39.2245],[-122.6761,39.2308],[-122.6914,39.2474],[-122.7125,39.257],[-122.7286,39.2733],[-122.7367,39.2726],[-122.7571,39.2843],[-122.7582,39.2939],[-122.775,39.3118],[-122.7653,39.3427],[-122.7524,39.346],[-122.7415,39.3601],[-122.7435,39.3681],[-122.76,39.3781],[-122.7743,39.3747],[-122.7851,39.383],[-122.7391,39.3833],[-122.7417,39.4352],[-122.7326,39.4508],[-122.7316,39.4792],[-122.7365,39.5085],[-122.7356,39.5807],[-122.8854,39.5801],[-122.8927,39.7089],[-122.9129,39.7087],[-122.9125,39.7482],[-122.9384,39.7481],[-122.9377,39.7982],[-122.944,39.8031],[-122.9467,39.8335],[-122.9601,39.8452],[-122.9505,39.8685],[-122.9533,39.8728],[-122.9474,39.8924],[-122.9506,39.907],[-122.9205,39.9165],[-122.9206,39.9289],[-122.9098,39.9364],[-122.9268,39.9451],[-122.9255,39.9689],[-122.9352,39.9772],[-122.9388,39.9913],[-122.9519,39.9988],[-122.9494,40.0121],[-122.9564,40.0199],[-122.9498,40.031],[-122.9542,40.0454],[-122.9489,40.0497],[-122.9528,40.0597],[-122.9684,40.0688],[-122.9732,40.0776],[-122.9673,40.0887],[-122.9614,40.0898],[-122.9611,40.1],[-122.9737,40.13],[-122.9686,40.139],[-122.9896,40.1451],[-122.9845,40.1534],[-122.9839,40.172],[-122.9701,40.1863],[-122.98,40.2147],[-122.9751,40.2326],[-122.9857,40.2488],[-123.0186,40.2628],[-123.0315,40.2648],[-123.0366,40.2613],[-123.0512,40.2679],[-123.066,40.2857],[-123.0688,40.3083],[-123.0617,40.3134],[-123.0688,40.3322],[-123.064,40.3375],[-123.0655,40.3451],[-123.0569,40.3492],[-123.044,40.347],[-123.0393,40.3627],[-123.0183,40.3724],[-123.0164,40.3856],[-122.9966,40.3964],[-122.9987,40.4181],[-122.9749,40.4196],[-122.961,40.426],[-122.9542,40.4215],[-122.9386,40.4289],[-122.9378,40.4369],[-122.9279,40.4471],[-122.9177,40.4498],[-122.9011,40.4456],[-122.8836,40.4748],[-122.8765,40.4804],[-122.851,40.4859],[-122.8464,40.4935],[-122.8521,40.501],[-122.846,40.5052],[-122.7933,40.5145],[-122.7936,40.5234],[-122.7822,40.5319],[-122.7852,40.5409],[-122.7675,40.5552],[-122.7439,40.5538],[-122.7413,40.5641],[-122.7231,40.5752],[-122.6988,40.5693],[-122.6931,40.5753],[-122.701,40.5877],[-122.7061,40.6102],[-122.7109,40.6132],[-122.7097,40.6312],[-122.7362,40.6363],[-122.727,40.6505],[-122.7336,40.6624],[-122.7412,40.6654],[-122.7426,40.6788],[-122.7523,40.6896],[-122.7439,40.695],[-122.73,40.6922],[-122.7224,40.6955],[-122.7066,40.7253],[-122.7199,40.7394],[-122.7174,40.7472],[-122.7063,40.7496],[-122.7005,40.7589],[-122.6705,40.7728],[-122.6581,40.7875],[-122.6614,40.8005],[-122.6552,40.8082],[-122.6661,40.8259],[-122.6554,40.8415],[-122.6397,40.845],[-122.6344,40.8613],[-122.6264,40.8671],[-122.6254,40.8792],[-122.6099,40.8845],[-122.6,40.9003],[-122.6128,40.9212],[-122.6032,40.9406],[-122.6074,40.9577],[-122.6031,40.9594],[-122.5985,40.9758],[-122.5914,40.9767],[-122.5892,40.9854],[-122.5692,40.985],[-122.5545,41.0036],[-122.5379,41.0024],[-122.5278,41.0144],[-122.5289,41.0365],[-122.5232,41.0592],[-122.5276,41.0642],[-122.5379,41.065],[-122.5398,41.0726],[-122.5134,41.0882],[-122.4933,41.086],[-122.4681,41.0968],[-122.4571,41.0966],[-122.4519,41.1082],[-122.446,41.1333],[-122.4506,41.1469],[-122.446,41.1592],[-122.4759,41.1765],[-122.4977,41.1786],[-122.495,41.1924],[-122.5226,41.2135],[-122.5123,41.2265],[-122.5175,41.2398],[-122.5082,41.2453],[-122.5139,41.2552],[-122.5133,41.2837],[-122.4992,41.292],[-122.5019,41.3091],[-122.4788,41.3201],[-122.5025,41.3329],[-122.5039,41.343],[-122.5358,41.3415],[-122.5427,41.3501],[-122.5404,41.3532],[-122.5517,41.3617],[-122.5727,41.368],[-122.5858,41.3576],[-122.587,41.3497],[-122.581,41.3377],[-122.5891,41.3268],[-122.5989,41.3245],[-122.6275,41.332],[-122.6421,41.3266],[-122.6477,41.3223],[-122.6456,41.3047],[-122.6515,41.2996],[-122.6529,41.2897],[-122.6635,41.2916],[-122.6773,41.285],[-122.6791,41.279],[-122.6874,41.2813],[-122.712,41.2748],[-122.7246,41.2611],[-122.7253,41.2475],[-122.7583,41.2408],[-122.777,41.2308],[-122.7812,41.2182],[-122.8021,41.203],[-122.8113,41.2025],[-122.8252,41.21],[-122.8439,41.2002],[-122.8859,41.2051],[-122.9069,41.1959],[-122.9154,41.1872],[-122.9248,41.1867],[-122.9292,41.1787],[-122.9384,41.1781],[-122.9513,41.1856],[-122.9613,41.1815],[-122.9517,41.1503],[-122.9653,41.1383],[-122.9599,41.124],[-122.9742,41.1096],[-122.9691,41.1034],[-122.971,41.0902],[-122.9661,41.0809],[-122.9532,41.0743],[-122.9421,41.0701],[-122.9233,41.072],[-122.9092,41.0412],[-122.8974,41.0292],[-122.9024,41.0238],[-122.9015,41.0146],[-122.9145,41.0069],[-122.9175,40.994],[-122.935,40.9924],[-122.9443,40.9942],[-122.9596,41.0102],[-122.9801,41.0143],[-123.0368,41.0041],[-123.0476,41.0247],[-123.046,41.0335],[-123.0552,41.0467],[-123.0801,41.0576],[-123.0963,41.0594],[-123.1059,41.0658],[-123.1091,41.0754],[-123.1883,41.0776],[-123.2032,41.0718],[-123.2395,41.0758],[-123.2584,41.0936],[-123.2734,41.1229],[-123.2839,41.1235],[-123.2951,41.1407],[-123.325,41.1415],[-123.3296,41.1517],[-123.3532,41.1631],[-123.3812,41.1513],[-123.3841,41.1577],[-123.3927,41.1612],[-123.3935,41.1707],[-123.404,41.1745],[-123.4171,41.197],[-123.4347,41.2125],[-123.4344,41.2229],[-123.4549,41.2357],[-123.4421,41.2514],[-123.4438,41.2732],[-123.4628,41.2842],[-123.4555,41.2928],[-123.4596,41.3102],[-123.4782,41.3286],[-123.4825,41.3537],[-123.4741,41.3662],[-123.4881,41.3771],[-123.5012,41.3826],[-123.6614,41.3821],[-123.6555,41.3884],[-123.656,41.3953],[-123.6416,41.4002],[-123.6389,41.4074],[-123.6486,41.4208],[-123.622,41.4326],[-123.6124,41.449],[-123.6159,41.453],[-123.6116,41.4616],[-123.6266,41.4668],[-123.6378,41.4824],[-123.6345,41.4861],[-123.6461,41.5124],[-123.6426,41.5227],[-123.648,41.535],[-123.67,41.5441],[-123.6825,41.5431],[-123.6939,41.5519],[-123.6815,41.5718],[-123.6891,41.5821],[-123.6813,41.5867],[-123.6823,41.5949],[-123.6976,41.5909],[-123.6989,41.5957],[-123.7157,41.5913],[-123.7191,41.5953],[-123.7192,41.5956]]]]}},{"type":"Feature","properties":{"d":2},"geometry":{"type":"MultiPolygon","coordinates":[[[[-124.482,40.4403],[-124.4759,40.4598],[-124.456,40.484],[-124.4477,40.5297],[-124.4034,40.6132],[-124.3429,40.7088],[-124.2993,40.7685],[-124.2927,40.7881],[-124.2326,40.8693],[-124.1976,40.9505],[-124.1827,41.0013],[-124.205,41.0136],[-124.2271,41.0466],[-124.2312,41.0655],[-124.2496,41.099],[-124.2525,41.1341],[-124.2472,41.1528],[-124.2376,41.166],[-124.2194,41.1777],[-124.1955,41.1846],[-124.1764,41.2371],[-124.1733,41.261],[-124.1607,41.2893],[-124.1634,41.2932],[-124.1923,41.292],[-124.22,41.303],[-124.2382,41.3214],[-124.2424,41.3433],[-124.2311,41.3689],[-124.2065,41.3847],[-124.1766,41.3904],[-124.14,41.3818],[-124.1332,41.4323],[-124.1365,41.4643],[-124.1579,41.519],[-124.1605,41.5434],[-124.185,41.5658],[-124.1901,41.6082],[-124.2098,41.6352],[-124.2117,41.6812],[-124.2624,41.7019],[-124.3003,41.7241],[-124.3306,41.7338],[-124.3692,41.7634],[-124.3921,41.7724],[-124.4108,41.7883],[-124.4389,41.8245],[-124.4407,41.8387],[-124.435,41.8565],[-124.4113,41.8821],[-124.4012,41.8856],[-124.3476,41.8832],[-124.333,41.877],[-124.3119,41.8588],[-124.285,41.8595],[-124.2761,41.9031],[-124.2919,41.9285],[-124.2848,41.9568],[-124.2886,41.9696],[-124.307,41.9929],[-124.3288,41.9983],[-123.6572,41.9951],[-123.624,41.9998],[-123.5179,42.0008],[-123.5199,41.9952],[-123.5409,41.9853],[-123.5333,41.9552],[-123.5544,41.9301],[-123.5536,41.9147],[-123.5595,41.906],[-123.578,41.903],[-123.5936,41.9063],[-123.6063,41.8808],[-123.6171,41.8818],[-123.6245,41.8884],[-123.6422,41.8897],[-123.6523,41.8789],[-123.6465,41.8766],[-123.6514,41.8729],[-123.6495,41.8603],[-123.6615,41.8565],[-123.6713,41.845],[-123.6708,41.8354],[-123.6829,41.8371],[-123.7038,41.8291],[-123.703,41.8197],[-123.6944,41.8156],[-123.69,41.8032],[-123.6721,41.796],[-123.6746,41.7856],[-123.6883,41.7812],[-123.6783,41.7385],[-123.6661,41.7322],[-123.6602,41.7141],[-123.6701,41.7017],[-123.6628,41.6935],[-123.6896,41.6694],[-123.6853,41.66],[-123.6884,41.6527],[-123.6804,41.634],[-123.6966,41.6339],[-123.6975,41.6267],[-123.7161,41.6065],[-123.7191,41.5953],[-123.7157,41.5913],[-123.6989,41.5957],[-123.6976,41.5909],[-123.6823,41.5949],[-123.6813,41.5867],[-123.6891,41.5821],[-123.6815,41.5718],[-123.6939,41.5519],[-123.6825,41.5431],[-123.67,41.5441],[-123.648,41.535],[-123.6426,41.5227],[-123.6461,41.5124],[-123.6345,41.4861],[-123.6378,41.4824],[-123.6266,41.4668],[-123.6116,41.4616],[-123.6159,41.453],[-123.6124,41.449],[-123.622,41.4326],[-123.6486,41.4208],[-123.6389,41.4074],[-123.6416,41.4002],[-123.656,41.3953],[-123.6555,41.3884],[-123.6614,41.3821],[-123.5012,41.3826],[-123.481,41.372],[-123.4741,41.3662],[-123.4825,41.3537],[-123.4786,41.3296],[-123.4634,41.3177],[-123.4569,41.3003],[-123.4555,41.2928],[-123.4628,41.2842],[-123.4438,41.2732],[-123.4421,41.2514],[-123.4549,41.2357],[-123.4344,41.2229],[-123.4347,41.2125],[-123.4171,41.197],[-123.404,41.1745],[-123.3935,41.1707],[-123.3927,41.1612],[-123.3841,41.1577],[-123.3812,41.1513],[-123.3532,41.1631],[-123.3296,41.1517],[-123.325,41.1415],[-123.2951,41.1407],[-123.2839,41.1235],[-123.2734,41.1229],[-123.2584,41.0936],[-123.2395,41.0758],[-123.2032,41.0718],[-123.1883,41.0776],[-123.1091,41.0754],[-123.1059,41.0658],[-123.0963,41.0594],[-123.0801,41.0576],[-123.0552,41.0467],[-123.046,41.0335],[-123.0476,41.0247],[-123.0371,41.0042],[-122.9801,41.0143],[-122.952,41.0064],[-122.9417,40.9926],[-122.9175,40.994],[-122.9145,41.0069],[-122.903,41.0116],[-122.9024,41.0238],[-122.8974,41.0292],[-122.9092,41.0412],[-122.9233,41.072],[-122.9421,41.0701],[-122.9532,41.0743],[-122.9661,41.0809],[-122.971,41.0902],[-122.9691,41.1034],[-122.9742,41.1096],[-122.9599,41.124],[-122.9653,41.1383],[-122.9517,41.1503],[-122.9613,41.1815],[-122.9513,41.1856],[-122.9384,41.1781],[-122.9292,41.1787],[-122.9248,41.1867],[-122.9154,41.1872],[-122.9069,41.1959],[-122.8859,41.2051],[-122.8439,41.2002],[-122.8252,41.21],[-122.8113,41.2025],[-122.8021,41.203],[-122.7812,41.2182],[-122.777,41.2308],[-122.7583,41.2408],[-122.7253,41.2475],[-122.7246,41.2611],[-122.712,41.2748],[-122.6874,41.2813],[-122.6791,41.279],[-122.6773,41.285],[-122.6635,41.2916],[-122.6529,41.2897],[-122.6515,41.2996],[-122.6456,41.3047],[-122.6477,41.3223],[-122.6421,41.3266],[-122.6275,41.332],[-122.5989,41.3245],[-122.5891,41.3268],[-122.581,41.3377],[-122.587,41.3497],[-122.5858,41.3576],[-122.5727,41.368],[-122.5517,41.3617],[-122.5404,41.3532],[-122.5427,41.3501],[-122.5358,41.3415],[-122.5039,41.343],[-122.5025,41.3329],[-122.4788,41.3201],[-122.5019,41.3091],[-122.4992,41.292],[-122.5133,41.2837],[-122.5139,41.2552],[-122.5082,41.2453],[-122.5175,41.2398],[-122.5123,41.2265],[-122.5226,41.2135],[-122.495,41.1924],[-122.4977,41.1786],[-122.4759,41.1765],[-122.446,41.1592],[-122.4506,41.1469],[-122.446,41.1333],[-122.4519,41.1082],[-122.4571,41.0966],[-122.4681,41.0968],[-122.4933,41.086],[-122.5134,41.0882],[-122.5398,41.0726],[-122.5379,41.065],[-122.5276,41.0642],[-122.5232,41.0592],[-122.5289,41.0365],[-122.5278,41.0144],[-122.5379,41.0024],[-122.5545,41.0036],[-122.5692,40.985],[-122.5892,40.9854],[-122.5914,40.9767],[-122.5985,40.9758],[-122.6031,40.9594],[-122.6074,40.9577],[-122.6032,40.9406],[-122.6128,40.9212],[-122.6,40.9003],[-122.6099,40.8845],[-122.6254,40.8792],[-122.6264,40.8671],[-122.6344,40.8613],[-122.6397,40.845],[-122.6554,40.8415],[-122.6661,40.8259],[-122.6552,40.8082],[-122.6614,40.8005],[-122.6581,40.7875],[-122.6705,40.7728],[-122.7005,40.7589],[-122.7063,40.7496],[-122.7174,40.7472],[-122.7199,40.7394],[-122.7066,40.7253],[-122.7224,40.6955],[-122.73,40.6922],[-122.7439,40.695],[-122.7523,40.6896],[-122.7426,40.6788],[-122.7412,40.6654],[-122.7336,40.6624],[-122.727,40.6505],[-122.7362,40.6363],[-122.7097,40.6312],[-122.7109,40.6132],[-122.7061,40.6102],[-122.701,40.5877],[-122.6931,40.5753],[-122.6988,40.5693],[-122.7231,40.5752],[-122.7413,40.5641],[-122.7439,40.5538],[-122.7675,40.5552],[-122.7852,40.5409],[-122.7822,40.5319],[-122.7936,40.5234],[-122.7933,40.5145],[-122.846,40.5052],[-122.8521,40.501],[-122.8464,40.4935],[-122.851,40.4859],[-122.8765,40.4804],[-122.8836,40.4748],[-122.9011,40.4456],[-122.9177,40.4498],[-122.9279,40.4471],[-122.9378,40.4369],[-122.9386,40.4289],[-122.9542,40.4215],[-122.961,40.426],[-122.9749,40.4196],[-122.9987,40.4181],[-122.9966,40.3964],[-123.0164,40.3856],[-123.0183,40.3724],[-123.0393,40.3627],[-123.044,40.347],[-123.0569,40.3492],[-123.0655,40.3451],[-123.064,40.3375],[-123.0688,40.3322],[-123.0617,40.3134],[-123.0688,40.3083],[-123.066,40.2857],[-123.0512,40.2679],[-123.0366,40.2613],[-123.0315,40.2648],[-123.0186,40.2628],[-122.9857,40.2488],[-122.9751,40.2326],[-122.98,40.2147],[-122.9701,40.1863],[-122.9839,40.172],[-122.9845,40.1534],[-122.9896,40.1451],[-122.9686,40.139],[-122.9737,40.13],[-122.9611,40.1],[-122.9614,40.0898],[-122.9673,40.0887],[-122.9732,40.0776],[-122.9684,40.0688],[-122.9528,40.0597],[-122.9489,40.0497],[-122.9542,40.0454],[-122.9498,40.031],[-122.9564,40.0199],[-122.9494,40.0121],[-122.9519,39.9988],[-122.9388,39.9913],[-122.9352,39.9772],[-122.9255,39.9689],[-122.9268,39.9451],[-122.9098,39.9364],[-122.9206,39.9289],[-122.9205,39.9165],[-122.9506,39.907],[-122.9474,39.8924],[-122.9533,39.8728],[-122.9505,39.8685],[-122.9601,39.8452],[-122.9467,39.8335],[-122.944,39.8031],[-122.9377,39.7982],[-122.9384,39.7481],[-122.9125,39.7482],[-122.9129,39.7087],[-122.8927,39.7089],[-122.8854,39.5801],[-122.7356,39.5807],[-122.7365,39.5085],[-122.7316,39.4792],[-122.7326,39.4508],[-122.7417,39.4352],[-122.7391,39.3833],[-122.7851,39.383],[-122.7743,39.3747],[-122.76,39.3781],[-122.7435,39.3681],[-122.7415,39.3601],[-122.7524,39.346],[-122.7653,39.3427],[-122.775,39.3118],[-122.7582,39.2939],[-122.7571,39.2843],[-122.7367,39.2726],[-122.7286,39.2733],[-122.7125,39.257],[-122.6914,39.2474],[-122.6761,39.2308],[-122.6797,39.2245],[-122.6735,39.2257],[-122.6654,39.2175],[-122.6488,39.214],[-122.6349,39.2232],[-122.6227,39.2232],[-122.6103,39.2162],[-122.582,39.212],[-122.5702,39.2039],[-122.5414,39.2069],[-122.535,39.2116],[-122.5153,39.2092],[-122.5145,39.1972],[-122.5084,39.1903],[-122.4985,39.1911],[-122.4918,39.1753],[-122.4773,39.1739],[-122.4754,39.1701],[-122.4826,39.1629],[-122.4745,39.1447],[-122.481,39.1383],[-122.4968,39.1405],[-122.5009,39.1211],[-122.4942,39.1151],[-122.4965,39.1078],[-122.486,39.0856],[-122.4905,39.0743],[-122.4839,39.067],[-122.4908,39.0648],[-122.492,39.0535],[-122.4658,39.0484],[-122.467,39.0426],[-122.4373,39.0214],[-122.4115,39.0191],[-122.4086,39.007],[-122.4193,38.9892],[-122.4167,38.978],[-122.407,38.9714],[-122.4091,38.9628],[-122.3728,38.9397],[-122.3406,38.9261],[-122.404,38.9253],[-122.4219,38.9038],[-122.4057,38.8799],[-122.3912,38.8687],[-122.4039,38.8556],[-122.382,38.8338],[-122.3735,38.817],[-122.3794,38.8021],[-122.398,38.804],[-122.4123,38.7858],[-122.4029,38.7729],[-122.4158,38.768],[-122.4639,38.7052],[-122.6274,38.6675],[-122.6237,38.6643],[-122.6242,38.6498],[-122.6341,38.6369],[-122.6283,38.623],[-122.6464,38.5986],[-122.6305,38.579],[-122.6318,38.5694],[-122.6228,38.5678],[-122.6208,38.5603],[-122.5877,38.5526],[-122.574,38.5404],[-122.5666,38.5255],[-122.5537,38.526],[-122.5439,38.52],[-122.5424,38.5132],[-122.5488,38.5116],[-122.5355,38.5017],[-122.5447,38.4957],[-122.5296,38.4696],[-122.5162,38.4709],[-122.5058,38.4645],[-122.5092,38.4577],[-122.483,38.4527],[-122.48,38.443],[-122.4871,38.4317],[-122.4914,38.4344],[-122.4975,38.4243],[-122.5104,38.4228],[-122.5112,38.4132],[-122.5207,38.41],[-122.5231,38.4023],[-122.5199,38.4001],[-122.5292,38.4001],[-122.5292,38.3916],[-122.5352,38.3968],[-122.5405,38.3921],[-122.5532,38.4007],[-122.552,38.3808],[-122.574,38.3886],[-122.5992,38.3851],[-122.6102,38.3969],[-122.622,38.3991],[-122.6305,38.3872],[-122.6259,38.3776],[-122.6387,38.38],[-122.6387,38.3756],[-122.6453,38.3757],[-122.6422,38.3692],[-122.6524,38.3726],[-122.657,38.3875],[-122.6663,38.3876],[-122.6634,38.3844],[-122.6686,38.3821],[-122.6816,38.3849],[-122.6881,38.3722],[-122.712,38.3694],[-122.7119,38.3646],[-122.715,38.3696],[-122.7252,38.3654],[-122.7191,38.3577],[-122.7257,38.3577],[-122.732,38.3498],[-122.7157,38.3354],[-122.7296,38.3334],[-122.7145,38.3236],[-122.7131,38.315],[-122.6957,38.3198],[-122.6834,38.3188],[-122.6812,38.3143],[-122.6413,38.3175],[-122.5955,38.3286],[-122.5967,38.3331],[-122.5919,38.3358],[-122.5736,38.3277],[-122.5734,38.3168],[-122.5536,38.2938],[-122.5632,38.2852],[-122.5332,38.2626],[-122.5128,38.2552],[-122.5069,38.247],[-122.5002,38.2477],[-122.508,38.2368],[-122.5266,38.2362],[-122.5312,38.2314],[-122.5171,38.2045],[-122.4937,38.1896],[-122.4637,38.1857],[-122.4499,38.1765],[-122.4574,38.17],[-122.4448,38.1655],[-122.4472,38.1521],[-122.4301,38.1433],[-122.441,38.1367],[-122.4344,38.122],[-122.4296,38.1239],[-122.4438,38.116],[-122.4558,38.1192],[-122.4594,38.1006],[-122.3475,38.0733],[-122.376,38.0485],[-122.4416,37.9739],[-122.4187,37.8525],[-122.4778,37.8332],[-122.4781,37.8253],[-122.4912,37.8266],[-122.4991,37.8199],[-122.5207,37.8253],[-122.5289,37.8201],[-122.528,37.8151],[-122.6123,37.8152],[-122.6757,37.8485],[-122.7158,37.8456],[-122.7579,37.8605],[-122.778,37.8749],[-122.789,37.8938],[-122.8298,37.9103],[-122.8421,37.9233],[-122.8505,37.9456],[-122.8893,37.9741],[-122.9023,37.9774],[-122.9192,37.9548],[-122.938,37.9444],[-122.9596,37.9406],[-123.0411,37.9455],[-123.0742,37.9649],[-123.0839,37.9834],[-123.0829,38.0153],[-123.0638,38.0365],[-123.0148,38.1491],[-123.0272,38.1642],[-123.0313,38.1815],[-123.0496,38.2143],[-123.111,38.2673],[-123.1345,38.2963],[-123.1413,38.3113],[-123.1343,38.3458],[-123.1557,38.3684],[-123.1648,38.3883],[-123.1962,38.4101],[-123.2202,38.442],[-123.2364,38.4504],[-123.2692,38.4576],[-123.3067,38.4787],[-123.3238,38.4986],[-123.3609,38.5102],[-123.3942,38.5539],[-123.4484,38.6063],[-123.4705,38.6386],[-123.4885,38.6515],[-123.5106,38.6809],[-123.5661,38.709],[-123.5869,38.7281],[-123.592,38.7402],[-123.6326,38.7582],[-123.7178,38.8279],[-123.7379,38.8574],[-123.7847,38.8937],[-123.8065,38.9405],[-123.8099,38.9612],[-123.8061,38.977],[-123.7854,38.9999],[-123.7631,39.0087],[-123.762,39.0411],[-123.8075,39.1272],[-123.8092,39.141],[-123.8408,39.1873],[-123.8501,39.2314],[-123.8761,39.2904],[-123.881,39.3193],[-123.8931,39.3375],[-123.8968,39.3749],[-123.8904,39.3901],[-123.8874,39.453],[-123.8744,39.4826],[-123.8725,39.5024],[-123.8526,39.5148],[-123.8346,39.5492],[-123.8525,39.5924],[-123.8519,39.6428],[-123.8572,39.6747],[-123.8803,39.6891],[-123.8932,39.7048],[-123.904,39.7571],[-123.901,39.7805],[-123.9105,39.7996],[-123.9536,39.827],[-123.9735,39.8536],[-123.9829,39.8768],[-124.0055,39.8893],[-124.0354,39.9311],[-124.0786,39.9723],[-124.1086,39.9788],[-124.1333,39.9999],[-124.1441,40.0182],[-124.1441,40.0524],[-124.1538,40.0635],[-124.2312,40.0934],[-124.2721,40.1337],[-124.2878,40.1377],[-124.3337,40.1672],[-124.411,40.2253],[-124.4213,40.2371],[-124.4282,40.2581],[-124.4279,40.2888],[-124.4183,40.3143],[-124.4279,40.3388],[-124.4281,40.3618],[-124.4724,40.4128],[-124.4814,40.4358],[-124.482,40.4403]]]]}},{"type":"Feature","properties":{"d":3},"geometry":{"type":"MultiPolygon","coordinates":[[[[-122.732,38.3498],[-122.7257,38.3577],[-122.7191,38.3577],[-122.7252,38.3654],[-122.715,38.3696],[-122.7119,38.3646],[-122.712,38.3694],[-122.6881,38.3722],[-122.6816,38.3849],[-122.6686,38.3821],[-122.6634,38.3844],[-122.6663,38.3876],[-122.657,38.3875],[-122.6524,38.3726],[-122.6422,38.3692],[-122.6453,38.3757],[-122.6387,38.3756],[-122.6387,38.38],[-122.6259,38.3776],[-122.6305,38.3872],[-122.622,38.3991],[-122.6102,38.3969],[-122.5992,38.3851],[-122.574,38.3886],[-122.552,38.3808],[-122.5532,38.4007],[-122.5405,38.3921],[-122.5352,38.3968],[-122.5292,38.3916],[-122.5292,38.4001],[-122.5199,38.4001],[-122.5231,38.4023],[-122.5207,38.41],[-122.5112,38.4132],[-122.5104,38.4228],[-122.4975,38.4243],[-122.48,38.443],[-122.483,38.4527],[-122.5095,38.4579],[-122.5058,38.4645],[-122.5088,38.467],[-122.5296,38.4696],[-122.5447,38.4957],[-122.5355,38.5017],[-122.5488,38.5116],[-122.5424,38.5132],[-122.5439,38.52],[-122.5537,38.526],[-122.5666,38.5255],[-122.574,38.5404],[-122.5877,38.5526],[-122.6208,38.5603],[-122.6228,38.5678],[-122.6318,38.5694],[-122.6305,38.579],[-122.6464,38.5986],[-122.6283,38.623],[-122.6341,38.6369],[-122.6242,38.6498],[-122.6237,38.6643],[-122.6274,38.6675],[-122.4639,38.7052],[-122.4158,38.768],[-122.4029,38.7729],[-122.4123,38.7858],[-122.398,38.804],[-122.3794,38.8021],[-122.3735,38.817],[-122.382,38.8338],[-122.4039,38.8556],[-122.3908,38.868],[-122.422,38.9009],[-122.404,38.9253],[-121.8588,38.925],[-121.8355,38.9245],[-121.8289,38.9185],[-121.8055,38.9151],[-121.8058,38.9108],[-121.8151,38.9108],[-121.7911,38.9033],[-121.804,38.9017],[-121.8068,38.8903],[-121.8167,38.8845],[-121.8152,38.8771],[-121.8024,38.8646],[-121.7858,38.8632],[-121.7839,38.8564],[-121.7653,38.8642],[-121.7584,38.8624],[-121.7593,38.8684],[-121.7486,38.8713],[-121.7448,38.8642],[-121.7296,38.8584],[-121.7231,38.8513],[-121.731,38.8358],[-121.7234,38.8256],[-121.7233,38.8038],[-121.7013,38.803],[-121.6907,38.7956],[-121.6934,38.7898],[-121.6864,38.7754],[-121.6926,38.7677],[-121.67,38.7593],[-121.6772,38.7509],[-121.6741,38.7433],[-121.668,38.7545],[-121.6585,38.755],[-121.6632,38.7692],[-121.6541,38.7645],[-121.6389,38.7672],[-121.6462,38.7741],[-121.6344,38.7679],[-121.629,38.7844],[-121.6081,38.7809],[-121.5998,38.7749],[-121.5926,38.7629],[-121.5934,38.754],[-121.6065,38.7171],[-121.6324,38.695],[-121.6311,38.679],[-121.5941,38.6441],[-121.5872,38.6427],[-121.5761,38.6486],[-121.5669,38.6451],[-121.5583,38.6082],[-121.5499,38.5994],[-121.5277,38.6046],[-121.5158,38.6027],[-121.5087,38.5968],[-121.5063,38.5863],[-121.521,38.5662],[-121.5113,38.5463],[-121.5135,38.5402],[-121.5305,38.5303],[-121.5244,38.5201],[-121.5521,38.5137],[-121.5585,38.4969],[-121.5427,38.4764],[-121.5089,38.4728],[-121.5032,38.4697],[-121.4997,38.4577],[-121.4607,38.4588],[-121.4615,38.4636],[-121.4464,38.4596],[-121.4543,38.4523],[-121.4455,38.4551],[-121.4463,38.4342],[-121.4885,38.4305],[-121.4566,38.2773],[-121.4481,38.255],[-121.4661,38.2599],[-121.4762,38.2578],[-121.4786,38.2462],[-121.4871,38.2399],[-121.4917,38.2277],[-121.5064,38.2246],[-121.5043,38.2121],[-121.5099,38.2046],[-121.5207,38.2029],[-121.5289,38.1953],[-121.5243,38.1727],[-121.5362,38.1582],[-121.5363,38.1516],[-121.5592,38.1439],[-121.5577,38.1368],[-121.5763,38.1291],[-121.5844,38.1183],[-121.582,38.112],[-121.564,38.1014],[-121.58,38.0944],[-121.5729,38.0737],[-121.5822,38.0684],[-121.5844,38.036],[-121.5788,38.0326],[-121.5802,38.0413],[-121.573,38.0421],[-121.5714,38.0304],[-121.5646,38.0302],[-121.5575,38.0166],[-121.5721,38.0184],[-121.5671,38.012],[-121.5799,38.0078],[-121.5688,38.0022],[-121.5792,37.9981],[-121.5761,37.9949],[-121.5824,37.9835],[-121.5724,37.979],[-121.5802,37.9764],[-121.565,37.959],[-121.5752,37.955],[-121.5635,37.9547],[-121.5674,37.944],[-121.5578,37.947],[-121.5636,37.9434],[-121.5564,37.9236],[-121.5651,37.9192],[-121.5633,37.9106],[-121.5728,37.9043],[-121.5659,37.8977],[-121.5759,37.8883],[-121.5793,37.8706],[-121.5734,37.8658],[-121.5794,37.8602],[-121.569,37.8606],[-121.5705,37.8576],[-121.562,37.8531],[-121.5603,37.8586],[-121.5528,37.8612],[-121.5475,37.8552],[-121.5406,37.8576],[-121.5407,37.8494],[-121.5341,37.8495],[-121.5382,37.8374],[-121.5495,37.8336],[-121.5542,37.8177],[-121.577,37.8115],[-121.6027,37.8279],[-121.6189,37.8455],[-121.625,37.8452],[-121.6257,37.852],[-121.6406,37.8622],[-121.6533,37.8674],[-121.6677,37.8652],[-121.6878,37.8821],[-121.6965,37.8821],[-121.6965,37.886],[-121.7081,37.8867],[-121.7122,37.8922],[-121.7208,37.8888],[-121.7328,37.898],[-121.7383,37.8967],[-121.7326,37.9007],[-121.7391,37.9038],[-121.7305,37.9042],[-121.7337,37.9105],[-121.751,37.9049],[-121.7511,37.925],[-121.7599,37.9178],[-121.76,37.9249],[-121.7534,37.9251],[-121.7781,37.9253],[-121.778,37.9331],[-121.7872,37.9325],[-121.7872,37.9397],[-121.7508,37.9398],[-121.7508,37.9615],[-121.7324,37.9615],[-121.7324,37.9712],[-121.7564,37.9921],[-121.7508,38.0118],[-121.7571,38.0123],[-121.7572,38.0198],[-121.7516,38.0197],[-121.7517,38.0243],[-121.7831,38.0185],[-121.817,38.0215],[-121.8321,38.0311],[-121.8468,38.06],[-121.8545,38.0651],[-121.8624,38.0661],[-121.8761,38.0501],[-121.9068,38.045],[-121.9354,38.0488],[-121.9774,38.0668],[-122.0284,38.0592],[-122.0611,38.0621],[-122.124,38.0357],[-122.1486,38.0317],[-122.1646,38.0347],[-122.1839,38.054],[-122.2008,38.0579],[-122.2453,38.064],[-122.2784,38.0614],[-122.3475,38.0733],[-122.4594,38.1006],[-122.4558,38.1192],[-122.4438,38.116],[-122.4296,38.1239],[-122.4344,38.122],[-122.441,38.1367],[-122.4301,38.1433],[-122.4472,38.1521],[-122.4448,38.1655],[-122.4574,38.17],[-122.4499,38.1765],[-122.4637,38.1857],[-122.4937,38.1896],[-122.5171,38.2045],[-122.5312,38.2314],[-122.5266,38.2362],[-122.508,38.2368],[-122.5002,38.2477],[-122.5069,38.247],[-122.5128,38.2552],[-122.5332,38.2626],[-122.5632,38.2852],[-122.5536,38.2938],[-122.5734,38.3168],[-122.5736,38.3277],[-122.5919,38.3358],[-122.5967,38.3331],[-122.5955,38.3286],[-122.6413,38.3175],[-122.6812,38.3143],[-122.6834,38.3188],[-122.6957,38.3198],[-122.7131,38.315],[-122.7145,38.3236],[-122.7296,38.3334],[-122.7157,38.3354],[-122.7319,38.3498],[-122.732,38.3498]]]]}},{"type":"Feature","properties":{"d":4},"geometry":{"type":"MultiPolygon","coordinates":[[[[-121.4868,37.4757],[-121.4745,37.4793],[-121.2409,37.6648],[-121.2302,37.663],[-121.2292,37.6689],[-121.2185,37.6736],[-121.2235,37.6836],[-121.2087,37.6863],[-121.2024,37.696],[-121.1993,37.6902],[-121.1941,37.6949],[-121.1874,37.6875],[-121.1812,37.6879],[-121.1791,37.6927],[-121.1841,37.6926],[-121.1806,37.6937],[-121.1826,37.6985],[-121.1759,37.6994],[-121.1778,37.7062],[-121.1662,37.6994],[-121.1657,37.7043],[-121.1586,37.7054],[-121.1621,37.7081],[-121.1551,37.7203],[-121.1461,37.7175],[-121.1365,37.7247],[-121.1168,37.7241],[-121.1076,37.7323],[-121.11,37.7421],[-121.0998,37.7402],[-121.0954,37.7332],[-121.0877,37.7414],[-121.067,37.7396],[-121.0669,37.7447],[-121.0567,37.7505],[-121.051,37.7418],[-121.0379,37.7392],[-121.0365,37.743],[-121.0257,37.7424],[-121.0177,37.7553],[-121.0112,37.7558],[-121.0127,37.7497],[-121.008,37.7491],[-120.9934,37.7609],[-120.954,37.7384],[-120.942,37.7423],[-120.9206,37.7383],[-120.9222,37.7484],[-120.917,37.7562],[-120.9234,37.758],[-120.9264,38.0774],[-120.9389,38.0883],[-121.0271,38.3003],[-121.0274,38.5081],[-121.119,38.7179],[-121.1332,38.7054],[-121.1416,38.7119],[-121.1345,38.712],[-121.1333,38.7315],[-121.1283,38.7336],[-121.1177,38.7564],[-121.1186,38.7689],[-121.1017,38.788],[-121.0978,38.8073],[-121.1018,38.8152],[-121.085,38.816],[-121.0827,38.8224],[-121.0887,38.8271],[-121.0873,38.8333],[-121.058,38.8478],[-121.0618,38.8599],[-121.0533,38.8683],[-121.062,38.8821],[-121.0442,38.8906],[-121.0534,38.8995],[-121.0399,38.9159],[-121.0338,38.9128],[-121.0198,38.9181],[-121.0002,38.9179],[-120.9912,38.9236],[-120.992,38.9272],[-120.9651,38.9328],[-120.9578,38.9391],[-120.9386,38.9356],[-120.9406,38.961],[-120.9373,38.9637],[-120.902,38.9531],[-120.8879,38.9597],[-120.8593,38.952],[-120.8521,38.9595],[-120.8555,38.9677],[-120.8499,38.9765],[-120.8347,38.9716],[-120.8247,38.9927],[-120.8086,39.001],[-120.7981,38.9961],[-120.7883,38.9999],[-120.786,39.0277],[-120.7938,39.026],[-120.7918,39.0305],[-120.7958,39.0309],[-120.8021,39.0266],[-120.784,39.0492],[-120.7694,39.0588],[-120.7902,39.0715],[-120.7836,39.0747],[-120.7827,39.0807],[-120.7719,39.0731],[-120.7629,39.0755],[-120.7653,39.0891],[-120.7685,39.0848],[-120.7707,39.0903],[-120.7688,39.1074],[-120.7351,39.1191],[-120.7256,39.1195],[-120.719,39.1144],[-120.7016,39.1359],[-120.6836,39.1377],[-120.6926,39.1278],[-120.6924,39.1219],[-120.6895,39.1133],[-120.6867,39.1179],[-120.6703,39.1116],[-120.6704,39.095],[-120.6652,39.0957],[-120.6652,39.1017],[-120.6386,39.101],[-120.6171,39.1162],[-120.6259,39.1198],[-120.6345,39.1163],[-120.6236,39.1281],[-120.6239,39.1489],[-120.618,39.1537],[-120.6204,39.1569],[-120.611,39.1768],[-120.6148,39.1818],[-120.6077,39.1852],[-120.5672,39.1928],[-120.5688,39.1833],[-120.5515,39.1856],[-120.5439,39.1791],[-120.5363,39.1838],[-120.5169,39.1725],[-120.5056,39.1735],[-120.5028,39.1564],[-120.4974,39.1617],[-120.4883,39.1603],[-120.4851,39.169],[-120.477,39.1684],[-120.471,39.1743],[-120.461,39.1726],[-120.4605,39.1658],[-120.4396,39.1772],[-120.4318,39.1967],[-120.4256,39.1999],[-120.4326,39.2167],[-120.4439,39.2227],[-120.4334,39.2329],[-120.4341,39.2417],[-120.4206,39.2435],[-120.4166,39.2527],[-120.4539,39.2586],[-120.4498,39.2704],[-120.4525,39.2761],[-120.4468,39.2808],[-120.445,39.2923],[-120.4573,39.3055],[-120.4452,39.3075],[-120.4495,39.3137],[-120.4644,39.3161],[-120.4612,39.321],[-120.4079,39.329],[-120.4001,39.3367],[-120.3914,39.3291],[-120.3739,39.327],[-120.3348,39.3434],[-120.3132,39.3422],[-120.3059,39.3359],[-120.2733,39.3582],[-120.2547,39.3587],[-120.2548,39.374],[-120.2365,39.3741],[-120.2204,39.3631],[-120.1847,39.3671],[-120.1817,39.3726],[-120.1609,39.3673],[-120.1493,39.3747],[-120.1378,39.3749],[-120.1377,39.3679],[-120.1162,39.368],[-120.1133,39.375],[-120.0859,39.3873],[-120.0643,39.3738],[-120.041,39.3704],[-120.023,39.3798],[-120.0258,39.3934],[-120.0211,39.4001],[-120.0053,39.4001],[-120.001,38.9996],[-118.9225,38.2499],[-117.8759,37.4973],[-116.8743,36.7521],[-116.2151,36.2495],[-115.6484,35.8092],[-115.7357,35.8091],[-115.7359,35.7936],[-117.9193,35.7984],[-117.9244,35.7984],[-117.923,35.7867],[-118.0081,35.7889],[-118.0077,35.8171],[-117.9986,35.823],[-118.0062,35.829],[-118.0029,35.8413],[-118.0074,35.8582],[-117.9967,35.8695],[-117.9808,35.8675],[-117.9891,35.8813],[-117.9821,35.8947],[-117.9903,35.914],[-117.9833,35.9266],[-117.9919,35.9438],[-118.0069,35.9465],[-118.0111,35.9546],[-118.0168,35.9546],[-118.0146,35.9729],[-118.0045,35.9772],[-118.0036,35.9837],[-118.0121,35.9983],[-118.0336,36.0089],[-118.0371,36.0291],[-118.0414,36.0298],[-118.0395,36.0342],[-118.0463,36.0422],[-118.0427,36.0485],[-118.0517,36.0595],[-118.0516,36.0835],[-118.058,36.0919],[-118.0631,36.0892],[-118.0673,36.0934],[-118.0683,36.1085],[-118.0646,36.1104],[-118.0735,36.1403],[-118.0597,36.1508],[-118.0626,36.1622],[-118.0593,36.1701],[-118.07,36.1786],[-118.0737,36.1894],[-118.0907,36.1973],[-118.1056,36.2134],[-118.1092,36.2255],[-118.1052,36.2336],[-118.1194,36.2556],[-118.1174,36.2712],[-118.1276,36.2803],[-118.127,36.3002],[-118.1201,36.3022],[-118.1216,36.3068],[-118.1118,36.3083],[-118.1125,36.322],[-118.0976,36.3311],[-118.1003,36.3461],[-118.1242,36.3519],[-118.1305,36.3703],[-118.141,36.3716],[-118.1629,36.3894],[-118.1403,36.4035],[-118.1374,36.4153],[-118.1412,36.4209],[-118.1568,36.4326],[-118.1749,36.4265],[-118.1936,36.4265],[-118.2144,36.4343],[-118.2096,36.4421],[-118.2156,36.4563],[-118.2326,36.4663],[-118.237,36.477],[-118.2499,36.4824],[-118.235,36.4937],[-118.2414,36.5],[-118.2388,36.5236],[-118.2494,36.524],[-118.252,36.5421],[-118.2602,36.5441],[-118.2653,36.5515],[-118.2759,36.5508],[-118.2912,36.5593],[-118.2898,36.5732],[-118.2941,36.5774],[-118.288,36.5837],[-118.289,36.5907],[-118.278,36.5923],[-118.2746,36.5973],[-118.2816,36.6045],[-118.2939,36.6051],[-118.3028,36.619],[-118.3213,36.6274],[-118.3188,36.6389],[-118.3382,36.6554],[-118.3295,36.6654],[-118.3312,36.6694],[-118.3475,36.6723],[-118.352,36.6829],[-118.3661,36.6904],[-118.3355,36.7044],[-118.336,36.7163],[-118.3396,36.729],[-118.3509,36.7407],[-118.3692,36.75],[-118.3802,36.7822],[-118.374,36.8002],[-118.3937,36.8297],[-118.3898,36.8345],[-118.3715,36.8361],[-118.3622,36.844],[-118.3622,36.8614],[-118.3702,36.8717],[-118.3608,36.8877],[-118.3884,36.9455],[-118.3966,36.9573],[-118.4047,36.9575],[-118.4044,36.972],[-118.4195,36.9874],[-118.4189,36.9948],[-118.4122,36.9983],[-118.428,37.0112],[-118.4228,37.0258],[-118.4417,37.045],[-118.435,37.0497],[-118.4371,37.0598],[-118.449,37.0691],[-118.4673,37.0667],[-118.4711,37.0727],[-118.4866,37.0774],[-118.5031,37.0952],[-118.5119,37.0928],[-118.5221,37.0984],[-118.5309,37.1112],[-118.5451,37.1154],[-118.5641,37.1132],[-118.569,37.1226],[-118.5831,37.1224],[-118.5927,37.1381],[-118.5996,37.1365],[-118.6134,37.143],[-118.6413,37.1372],[-118.6546,37.1418],[-118.6726,37.1673],[-118.6642,37.1781],[-118.6665,37.1895],[-118.6813,37.2044],[-118.6756,37.2141],[-118.6864,37.2276],[-118.6822,37.234],[-118.6837,37.2444],[-118.6653,37.2619],[-118.6821,37.2805],[-118.695,37.306],[-118.716,37.3282],[-118.7411,37.3153],[-118.7579,37.3288],[-118.7801,37.3349],[-118.7867,37.3434],[-118.7815,37.3564],[-118.7681,37.3612],[-118.768,37.3681],[-118.7786,37.376],[-118.79,37.394],[-118.7798,37.4217],[-118.7693,37.4222],[-118.7602,37.4336],[-118.7633,37.4565],[-118.7733,37.4595],[-118.7971,37.4887],[-118.8155,37.4878],[-118.8498,37.4759],[-118.856,37.4784],[-118.8608,37.5015],[-118.8817,37.5103],[-118.8837,37.5201],[-118.8911,37.5253],[-118.9019,37.526],[-118.9012,37.5312],[-118.9171,37.5503],[-118.9297,37.5489],[-118.947,37.565],[-118.977,37.5568],[-118.9849,37.5673],[-119.0023,37.5711],[-119.0224,37.5857],[-119.2867,37.3749],[-119.3145,37.3496],[-119.3122,37.3397],[-119.3258,37.3354],[-119.3164,37.3281],[-119.3169,37.3231],[-119.3353,37.3118],[-119.3269,37.2919],[-119.3323,37.2744],[-119.3246,37.2656],[-119.3221,37.2474],[-119.3316,37.2396],[-119.3378,37.2192],[-119.3305,37.2147],[-119.3306,37.2058],[-119.3431,37.1891],[-119.3606,37.1805],[-119.3618,37.168],[-119.3752,37.1641],[-119.375,37.1579],[-119.3888,37.1492],[-119.3998,37.1498],[-119.4068,37.16],[-119.4158,37.1634],[-119.4321,37.1626],[-119.4349,37.147],[-119.4626,37.1442],[-119.4691,37.1259],[-119.4663,37.1196],[-119.4748,37.11],[-119.4833,37.1103],[-119.4913,37.1197],[-119.4892,37.1373],[-119.506,37.1503],[-119.5175,37.1468],[-119.525,37.1282],[-119.55,37.1446],[-119.5608,37.1429],[-119.5686,37.1167],[-119.5488,37.1168],[-119.5376,37.1051],[-119.5416,37.096],[-119.559,37.0881],[-119.5614,37.0655],[-119.6049,37.071],[-119.6136,37.052],[-119.6104,37.0457],[-119.6211,37.0266],[-119.6354,37.0215],[-119.629,37.0346],[-119.6393,37.0433],[-119.6495,37.0435],[-119.6594,37.0389],[-119.6586,37.0133],[-119.6981,37.0087],[-119.7405,36.9702],[-119.7433,36.9546],[-119.7367,36.9536],[-119.7338,36.9464],[-119.7521,36.9359],[-119.7503,36.9283],[-119.7549,36.9224],[-119.7727,36.9186],[-119.7757,36.9091],[-119.7893,36.8967],[-119.7855,36.8798],[-119.8096,36.8626],[-119.8139,36.8502],[-119.8348,36.8525],[-119.8409,36.8613],[-119.8475,36.8604],[-119.855,36.8512],[-119.8849,36.8585],[-119.8885,36.8522],[-119.9029,36.8518],[-119.9119,36.8453],[-119.9291,36.8479],[-119.9345,36.838],[-119.9435,36.834],[-119.9705,36.8329],[-119.9847,36.8408],[-119.9903,36.8378],[-119.9924,36.8289],[-120.0137,36.8281],[-120.0281,36.8145],[-120.0423,36.8155],[-120.056,36.8229],[-120.0714,36.8187],[-120.0795,36.8253],[-120.111,36.8128],[-120.1149,36.8143],[-120.1149,36.8368],[-120.1102,36.8368],[-120.1103,36.873],[-120.056,36.8731],[-120.056,36.9166],[-120.0376,36.9166],[-120.0334,36.9348],[-120.0149,36.9319],[-120.0103,36.938],[-119.9875,36.9378],[-120.013,36.9671],[-120.0105,36.9743],[-119.9982,36.9742],[-120.0009,36.9945],[-120.0297,36.9846],[-120.0287,36.9916],[-120.0241,36.9916],[-120.0241,36.996],[-120.0286,36.9961],[-120.029,37.0326],[-120.0017,37.0328],[-120.0019,37.0541],[-120.0065,37.0541],[-120.0066,37.0686],[-120.0021,37.0704],[-120.0293,37.0667],[-120.0293,37.0836],[-120.0221,37.0836],[-120.0392,37.1015],[-120.0347,37.1116],[-120.0555,37.1248],[-120.0813,37.1234],[-120.0839,37.1292],[-120.0946,37.1286],[-120.1203,37.1475],[-120.1215,37.1591],[-120.1092,37.1659],[-120.0521,37.1831],[-120.0622,37.198],[-120.0901,37.2215],[-120.1438,37.2392],[-120.1785,37.2624],[-120.1866,37.2803],[-120.1827,37.2914],[-120.1877,37.3011],[-120.2035,37.3133],[-120.247,37.3802],[-120.2834,37.4244],[-120.2844,37.4317],[-120.275,37.4436],[-120.284,37.4629],[-120.3116,37.4556],[-120.3702,37.4223],[-120.4495,37.4011],[-120.4553,37.415],[-120.4689,37.406],[-120.4698,37.4136],[-120.4826,37.4184],[-120.4872,37.404],[-120.5213,37.4039],[-120.5213,37.4184],[-120.576,37.4184],[-120.5761,37.4039],[-120.6678,37.4039],[-120.6684,37.3672],[-120.7097,37.3823],[-120.7005,37.384],[-120.7048,37.4004],[-120.7152,37.4004],[-120.7136,37.4034],[-120.7285,37.4082],[-120.7426,37.3993],[-120.7413,37.3926],[-120.7461,37.3992],[-120.7617,37.3947],[-120.7673,37.3882],[-120.7917,37.3923],[-120.8087,37.3832],[-120.8281,37.3815],[-120.8357,37.3692],[-120.846,37.3695],[-120.8509,37.3618],[-120.8622,37.3576],[-120.8811,37.3627],[-120.8969,37.3556],[-120.9077,37.3636],[-120.9221,37.3556],[-120.9241,37.3697],[-120.9401,37.3691],[-120.9468,37.359],[-120.959,37.3579],[-120.9565,37.3492],[-120.9615,37.351],[-120.9631,37.3455],[-121.2268,37.1348],[-121.2371,37.1572],[-121.2621,37.1593],[-121.2811,37.1836],[-121.2986,37.166],[-121.3129,37.1701],[-121.3284,37.166],[-121.3487,37.1811],[-121.3609,37.1843],[-121.3843,37.1662],[-121.3836,37.1515],[-121.3934,37.1481],[-121.4046,37.156],[-121.4077,37.169],[-121.4134,37.1723],[-121.4088,37.1825],[-121.4169,37.2113],[-121.4227,37.2224],[-121.4487,37.2373],[-121.4557,37.2494],[-121.454,37.2772],[-121.4591,37.2823],[-121.4487,37.2903],[-121.4497,37.2939],[-121.4235,37.2953],[-121.4058,37.311],[-121.4119,37.3244],[-121.4091,37.3306],[-121.4207,37.3447],[-121.4236,37.3588],[-121.4091,37.3807],[-121.4125,37.3894],[-121.424,37.3936],[-121.4361,37.3961],[-121.4482,37.3917],[-121.4567,37.3955],[-121.4564,37.4067],[-121.4726,37.4233],[-121.4619,37.4388],[-121.4629,37.4515],[-121.4843,37.466],[-121.4865,37.4749],[-121.4868,37.4757]]]]}},{"type":"Feature","properties":{"d":5},"geometry":{"type":"MultiPolygon","coordinates":[[[[-122.0241,37.6955],[-122.0199,37.7062],[-121.9987,37.7085],[-121.9713,37.7296],[-121.96,37.7185],[-121.5535,37.8184],[-121.552,37.83],[-121.5382,37.8374],[-121.5341,37.8495],[-121.54,37.8488],[-121.5406,37.8576],[-121.5475,37.8552],[-121.5525,37.8611],[-121.5603,37.8586],[-121.562,37.8531],[-121.5705,37.8576],[-121.569,37.8606],[-121.5794,37.8602],[-121.5734,37.8658],[-121.5793,37.8706],[-121.5759,37.8883],[-121.5659,37.8977],[-121.5728,37.9043],[-121.5633,37.9106],[-121.5651,37.9192],[-121.5564,37.9236],[-121.5636,37.9434],[-121.5578,37.947],[-121.5674,37.944],[-121.5635,37.9547],[-121.5752,37.955],[-121.565,37.959],[-121.5802,37.9764],[-121.5724,37.979],[-121.5824,37.9835],[-121.5761,37.9949],[-121.5792,37.9981],[-121.5688,38.0022],[-121.5799,38.0078],[-121.5671,38.012],[-121.5721,38.0184],[-121.5575,38.0166],[-121.5646,38.0302],[-121.5714,38.0304],[-121.573,38.0421],[-121.5802,38.0413],[-121.5788,38.0326],[-121.5844,38.036],[-121.5822,38.0684],[-121.5729,38.0737],[-121.58,38.0944],[-121.564,38.1014],[-121.582,38.112],[-121.5841,38.1202],[-121.5763,38.1291],[-121.5577,38.1368],[-121.5592,38.1439],[-121.5363,38.1516],[-121.5362,38.1582],[-121.5243,38.1727],[-121.5289,38.1953],[-121.5207,38.2029],[-121.5099,38.2046],[-121.5043,38.2121],[-121.5064,38.2246],[-121.4917,38.2277],[-121.4871,38.2399],[-121.4786,38.2462],[-121.4801,38.2536],[-121.4757,38.2581],[-121.4295,38.2549],[-121.4205,38.2372],[-121.3984,38.2274],[-121.3891,38.2332],[-121.3444,38.2282],[-121.2955,38.2376],[-121.283,38.2497],[-121.2684,38.2523],[-121.2476,38.2454],[-121.223,38.2444],[-121.2034,38.2488],[-121.192,38.2567],[-121.1731,38.2552],[-121.147,38.2639],[-121.1278,38.2774],[-121.0942,38.2819],[-121.0675,38.2989],[-121.0481,38.2911],[-121.0406,38.2977],[-121.0271,38.3003],[-120.9389,38.0883],[-120.9264,38.0774],[-120.9234,37.758],[-120.917,37.7562],[-120.9222,37.7484],[-120.921,37.7379],[-120.942,37.7423],[-120.954,37.7384],[-120.9934,37.7609],[-121.008,37.7491],[-121.0127,37.7497],[-121.0112,37.7558],[-121.0177,37.7553],[-121.0257,37.7424],[-121.0365,37.743],[-121.0379,37.7392],[-121.051,37.7418],[-121.0567,37.7505],[-121.0669,37.7447],[-121.067,37.7396],[-121.0877,37.7414],[-121.0954,37.7332],[-121.0998,37.7402],[-121.11,37.7421],[-121.1076,37.7323],[-121.1168,37.7241],[-121.1365,37.7247],[-121.1461,37.7175],[-121.1551,37.7203],[-121.1621,37.7081],[-121.1586,37.7054],[-121.1657,37.7043],[-121.1662,37.6994],[-121.1778,37.7062],[-121.1759,37.6994],[-121.1826,37.6985],[-121.1806,37.6937],[-121.1841,37.6926],[-121.1791,37.6927],[-121.1812,37.6879],[-121.1874,37.6875],[-121.1941,37.6949],[-121.1993,37.6902],[-121.2024,37.696],[-121.2087,37.6863],[-121.2235,37.6836],[-121.2185,37.6736],[-121.2292,37.6689],[-121.2302,37.663],[-121.2409,37.6648],[-121.4719,37.4818],[-121.8653,37.4846],[-121.8701,37.4807],[-121.8808,37.5079],[-121.8781,37.5302],[-121.8936,37.5502],[-121.8993,37.5466],[-121.9073,37.5493],[-121.9145,37.5608],[-121.9237,37.5577],[-121.9202,37.5659],[-121.933,37.5742],[-121.9256,37.5823],[-121.9328,37.5917],[-121.9327,37.6056],[-121.9275,37.6056],[-121.9276,37.6287],[-121.9484,37.6509],[-121.9204,37.6503],[-121.9229,37.6616],[-121.9145,37.6614],[-121.9181,37.6663],[-121.9109,37.67],[-121.9251,37.6647],[-121.9406,37.6657],[-121.9406,37.6691],[-121.9498,37.669],[-121.9506,37.6764],[-121.9719,37.6763],[-121.9719,37.6803],[-121.9966,37.6801],[-122.0116,37.6749],[-122.0239,37.6948],[-122.0241,37.6955]]]]}},{"type":"Feature","properties":{"d":6},"geometry":{"type":"MultiPolygon","coordinates":[[[[-121.4844,38.7497],[-121.4698,38.7516],[-121.4694,38.926],[-121.4144,38.9262],[-121.4148,38.9984],[-121.3845,39.0145],[-121.3656,39.0317],[-121.3539,39.0313],[-121.307,39.0529],[-121.2902,39.0369],[-121.2497,39.0289],[-121.241,39.0214],[-121.2329,39.0247],[-121.221,39.0118],[-121.2059,39.0119],[-121.1989,39.0175],[-121.1874,39.0125],[-121.1794,39.02],[-121.1726,39.0185],[-121.1525,39.0268],[-121.138,39.0379],[-121.1251,39.0325],[-121.1181,39.0201],[-121.1062,39.0163],[-121.1099,38.9983],[-121.1143,39.0011],[-121.1211,38.9962],[-121.128,39.004],[-121.1287,38.9987],[-121.1353,39.0003],[-121.1352,38.9654],[-121.1449,38.9663],[-121.1352,38.9632],[-121.1336,38.9513],[-121.1259,38.9503],[-121.1244,38.9424],[-121.1297,38.9398],[-121.1401,38.946],[-121.1453,38.935],[-121.144,38.9269],[-121.1354,38.9268],[-121.1354,38.9198],[-121.1261,38.9183],[-121.1281,38.915],[-121.1438,38.9258],[-121.1447,38.9125],[-121.1325,38.9055],[-121.1247,38.8915],[-121.1446,38.8951],[-121.1451,38.8907],[-121.1359,38.889],[-121.1359,38.8835],[-121.1202,38.881],[-121.0879,38.8853],[-121.084,38.8805],[-121.0776,38.8869],[-121.0765,38.8804],[-121.0724,38.8805],[-121.076,38.8856],[-121.0715,38.8871],[-121.0606,38.8841],[-121.0487,38.888],[-121.0451,38.8909],[-121.0494,38.8961],[-121.0442,38.8906],[-121.062,38.8821],[-121.0533,38.8683],[-121.0618,38.8599],[-121.0584,38.8471],[-121.0873,38.8333],[-121.0887,38.8271],[-121.0827,38.8224],[-121.085,38.816],[-121.1018,38.8152],[-121.0978,38.8073],[-121.1017,38.788],[-121.1186,38.7689],[-121.1177,38.7564],[-121.1283,38.7336],[-121.1333,38.7315],[-121.1345,38.712],[-121.1416,38.7119],[-121.1332,38.7054],[-121.119,38.7179],[-121.0274,38.5081],[-121.0271,38.3003],[-121.0406,38.2977],[-121.0481,38.2911],[-121.0675,38.2989],[-121.0942,38.2819],[-121.1278,38.2774],[-121.147,38.2639],[-121.1731,38.2552],[-121.192,38.2567],[-121.2034,38.2488],[-121.223,38.2444],[-121.2476,38.2454],[-121.2684,38.2523],[-121.283,38.2497],[-121.2955,38.2376],[-121.3444,38.2282],[-121.3891,38.2332],[-121.3984,38.2274],[-121.4205,38.2372],[-121.4293,38.2548],[-121.4481,38.255],[-121.4566,38.2773],[-121.4809,38.3942],[-121.4725,38.3921],[-121.4628,38.4019],[-121.4652,38.4044],[-121.4546,38.4088],[-121.4501,38.372],[-121.4453,38.3721],[-121.4453,38.3793],[-121.4174,38.3795],[-121.4176,38.3723],[-121.3585,38.3728],[-121.3468,38.3614],[-121.3543,38.3815],[-121.3144,38.4187],[-121.305,38.4124],[-121.2989,38.4178],[-121.3023,38.4248],[-121.2977,38.4289],[-121.2862,38.4211],[-121.2805,38.4298],[-121.2701,38.429],[-121.2809,38.4382],[-121.2764,38.4423],[-121.2811,38.4409],[-121.2831,38.4466],[-121.2438,38.4836],[-121.2442,38.5256],[-121.335,38.5439],[-121.3365,38.5725],[-121.3274,38.577],[-121.3291,38.5804],[-121.3984,38.5628],[-121.3966,38.5707],[-121.4217,38.5774],[-121.4197,38.6201],[-121.4153,38.6182],[-121.4153,38.6245],[-121.3769,38.6394],[-121.3434,38.6469],[-121.336,38.6588],[-121.3367,38.6683],[-121.373,38.6684],[-121.3568,38.6845],[-121.3576,38.689],[-121.3637,38.689],[-121.3636,38.7039],[-121.4015,38.7045],[-121.4035,38.7144],[-121.3974,38.7289],[-121.4844,38.7346],[-121.4844,38.7495],[-121.4844,38.7497]]]]}},{"type":"Feature","properties":{"d":7},"geometry":{"type":"MultiPolygon","coordinates":[[[[-122.4416,37.9724],[-122.376,38.0485],[-122.3475,38.0733],[-122.2653,38.0599],[-122.2453,38.064],[-122.2252,38.061],[-122.2247,38.0561],[-122.2401,38.0533],[-122.2315,38.0497],[-122.238,38.0451],[-122.2341,38.0443],[-122.2366,38.0214],[-122.2329,38.0114],[-122.2097,38.0076],[-122.2096,37.9962],[-122.2302,37.9964],[-122.2046,37.9643],[-122.2255,37.9731],[-122.2432,37.9711],[-122.2468,37.964],[-122.2376,37.9582],[-122.256,37.9489],[-122.2537,37.9457],[-122.2711,37.9398],[-122.2546,37.9206],[-122.2707,37.9239],[-122.2794,37.9196],[-122.2708,37.9136],[-122.2676,37.9042],[-122.2497,37.8928],[-122.2493,37.887],[-122.2236,37.8786],[-122.2164,37.8691],[-122.2214,37.8655],[-122.2089,37.8519],[-122.1851,37.8374],[-122.1869,37.8221],[-122.1742,37.8103],[-122.1787,37.8044],[-122.1684,37.7991],[-122.1705,37.8047],[-122.165,37.8052],[-122.1523,37.7931],[-122.1433,37.793],[-122.1437,37.7874],[-122.1332,37.7777],[-122.1148,37.7419],[-122.1151,37.7353],[-122.1245,37.7286],[-122.1306,37.7337],[-122.139,37.7309],[-122.1461,37.7428],[-122.1716,37.735],[-122.1698,37.7322],[-122.1742,37.7311],[-122.1703,37.7277],[-122.1754,37.7253],[-122.1981,37.7262],[-122.189,37.7179],[-122.2097,37.7111],[-122.1923,37.6827],[-122.1806,37.6707],[-122.1753,37.6707],[-122.2187,37.6317],[-122.2818,37.7082],[-122.3279,37.7812],[-122.3323,37.7821],[-122.3738,37.8837],[-122.4323,37.9298],[-122.4416,37.9708],[-122.4416,37.9724]]]]}},{"type":"Feature","properties":{"d":8},"geometry":{"type":"MultiPolygon","coordinates":[[[[-121.6342,38.6898],[-121.6065,38.7171],[-121.6029,38.7358],[-121.5218,38.7364],[-121.3974,38.7289],[-121.4035,38.7144],[-121.4015,38.7045],[-121.3636,38.7039],[-121.3637,38.689],[-121.3576,38.689],[-121.3568,38.6845],[-121.373,38.6684],[-121.3367,38.6683],[-121.336,38.6589],[-121.3459,38.6455],[-121.3626,38.6444],[-121.4153,38.6245],[-121.4153,38.6182],[-121.4197,38.6201],[-121.4217,38.5774],[-121.3966,38.5707],[-121.3984,38.5628],[-121.3291,38.5804],[-121.3274,38.577],[-121.3365,38.5725],[-121.335,38.5439],[-121.2442,38.5256],[-121.2438,38.4836],[-121.2831,38.4466],[-121.2811,38.4409],[-121.2764,38.4423],[-121.2809,38.4382],[-121.2701,38.429],[-121.2805,38.4298],[-121.2862,38.4211],[-121.2977,38.4289],[-121.3023,38.4248],[-121.2989,38.4178],[-121.305,38.4124],[-121.3144,38.4187],[-121.3543,38.3815],[-121.3468,38.3614],[-121.3585,38.3728],[-121.4176,38.3723],[-121.4174,38.3795],[-121.4453,38.3793],[-121.4453,38.3721],[-121.4501,38.372],[-121.4546,38.4088],[-121.4652,38.4044],[-121.4628,38.4019],[-121.4725,38.3921],[-121.4809,38.3942],[-121.4885,38.4305],[-121.4463,38.4342],[-121.4455,38.4551],[-121.4543,38.4523],[-121.4464,38.4596],[-121.4615,38.4636],[-121.4607,38.4588],[-121.4997,38.4577],[-121.5032,38.4697],[-121.5089,38.4728],[-121.5427,38.4764],[-121.5588,38.4975],[-121.5521,38.5137],[-121.5252,38.519],[-121.5305,38.5303],[-121.5126,38.5417],[-121.521,38.5662],[-121.5083,38.5805],[-121.5087,38.5968],[-121.5277,38.6046],[-121.5499,38.5994],[-121.5583,38.6082],[-121.5669,38.6451],[-121.5761,38.6486],[-121.5872,38.6427],[-121.5941,38.6441],[-121.6287,38.6754],[-121.6341,38.689],[-121.6342,38.6898]]]]}},{"type":"Feature","properties":{"d":9},"geometry":{"type":"MultiPolygon","coordinates":[[[[-122.2786,37.92],[-122.2707,37.9239],[-122.2546,37.9206],[-122.2711,37.9398],[-122.2537,37.9457],[-122.256,37.9489],[-122.2376,37.9582],[-122.2468,37.964],[-122.2432,37.9711],[-122.2255,37.9731],[-122.2046,37.9643],[-122.2302,37.9964],[-122.2096,37.9962],[-122.2097,38.0076],[-122.2329,38.0114],[-122.2366,38.0214],[-122.2341,38.0443],[-122.238,38.0451],[-122.2315,38.0497],[-122.2401,38.0533],[-122.2247,38.0561],[-122.2252,38.061],[-122.1839,38.054],[-122.1646,38.0347],[-122.1431,38.0318],[-122.0611,38.0621],[-122.0284,38.0592],[-121.9774,38.0668],[-121.9354,38.0488],[-121.9068,38.045],[-121.8761,38.0501],[-121.8624,38.0661],[-121.8545,38.0651],[-121.8468,38.06],[-121.8321,38.0311],[-121.817,38.0215],[-121.7831,38.0185],[-121.7517,38.0243],[-121.7516,38.0197],[-121.7572,38.0198],[-121.7571,38.0123],[-121.7508,38.0118],[-121.7564,37.9921],[-121.7324,37.9712],[-121.7324,37.9615],[-121.7508,37.9615],[-121.7508,37.9398],[-121.7872,37.9397],[-121.7872,37.9325],[-121.778,37.9331],[-121.7781,37.9253],[-121.7534,37.9251],[-121.76,37.9249],[-121.7599,37.9178],[-121.7511,37.925],[-121.751,37.9049],[-121.7337,37.9105],[-121.7305,37.9042],[-121.7391,37.9038],[-121.7326,37.9007],[-121.7387,37.8971],[-121.7328,37.898],[-121.7297,37.8922],[-121.7208,37.8888],[-121.7122,37.8922],[-121.7081,37.8867],[-121.6965,37.886],[-121.6965,37.8821],[-121.6878,37.8821],[-121.6677,37.8652],[-121.6533,37.8674],[-121.6406,37.8622],[-121.6257,37.852],[-121.625,37.8452],[-121.6189,37.8455],[-121.6027,37.8279],[-121.577,37.8115],[-121.96,37.7185],[-121.9713,37.7296],[-121.9987,37.7085],[-122.0202,37.7059],[-122.0237,37.6943],[-122.0137,37.6766],[-122.0054,37.6737],[-122.0178,37.6615],[-122.0266,37.6664],[-122.0298,37.6777],[-122.0408,37.6794],[-122.0472,37.6897],[-122.0448,37.696],[-122.06,37.6936],[-122.062,37.686],[-122.0764,37.6788],[-122.0872,37.6825],[-122.0913,37.6857],[-122.0864,37.6891],[-122.0922,37.6898],[-122.0902,37.6829],[-122.0938,37.6746],[-122.0976,37.6779],[-122.095,37.6752],[-122.0998,37.6732],[-122.0952,37.6701],[-122.0998,37.6669],[-122.1073,37.6727],[-122.1034,37.6667],[-122.1181,37.6656],[-122.1208,37.6698],[-122.1344,37.6628],[-122.1616,37.6638],[-122.1707,37.6708],[-122.1806,37.6707],[-122.2005,37.6926],[-122.2097,37.7111],[-122.189,37.7179],[-122.1981,37.7262],[-122.1754,37.7253],[-122.1703,37.7277],[-122.1742,37.7311],[-122.1698,37.7322],[-122.1716,37.735],[-122.1461,37.7428],[-122.139,37.7309],[-122.1344,37.7343],[-122.1229,37.729],[-122.1148,37.7361],[-122.1161,37.7502],[-122.1437,37.7874],[-122.1433,37.793],[-122.1523,37.7931],[-122.165,37.8052],[-122.1705,37.8047],[-122.1684,37.7991],[-122.1789,37.8046],[-122.1742,37.8103],[-122.1869,37.8221],[-122.1851,37.8374],[-122.2089,37.8519],[-122.2214,37.8655],[-122.2164,37.8691],[-122.2236,37.8786],[-122.2493,37.887],[-122.2497,37.8928],[-122.2676,37.9042],[-122.2708,37.9136],[-122.2794,37.9196],[-122.2786,37.92]]]]}},{"type":"Feature","properties":{"d":10},"geometry":{"type":"MultiPolygon","coordinates":[[[[-122.2181,37.6321],[-122.1768,37.6694],[-122.1509,37.6628],[-122.1344,37.6628],[-122.1208,37.6698],[-122.1181,37.6656],[-122.1034,37.6667],[-122.1073,37.6727],[-122.1004,37.6668],[-122.0952,37.6701],[-122.0998,37.6732],[-122.095,37.6752],[-122.0976,37.6779],[-122.0938,37.6746],[-122.0902,37.6829],[-122.0922,37.6898],[-122.0864,37.6891],[-122.0913,37.6857],[-122.0872,37.6825],[-122.0764,37.6788],[-122.062,37.686],[-122.06,37.6936],[-122.0448,37.696],[-122.0472,37.6897],[-122.0408,37.6794],[-122.0298,37.6777],[-122.0206,37.662],[-122.0099,37.6664],[-122.0054,37.6737],[-122.0103,37.675],[-121.9966,37.6801],[-121.9506,37.6764],[-121.9498,37.669],[-121.9406,37.6691],[-121.9406,37.6657],[-121.9251,37.6647],[-121.9109,37.67],[-121.9181,37.6663],[-121.9145,37.6614],[-121.9229,37.6616],[-121.9204,37.6503],[-121.9484,37.6509],[-121.9276,37.6287],[-121.9275,37.6056],[-121.9327,37.6056],[-121.9328,37.5917],[-121.9256,37.5823],[-121.933,37.5742],[-121.9202,37.5659],[-121.9237,37.5577],[-121.9145,37.5608],[-121.9073,37.5493],[-121.8993,37.5466],[-121.8936,37.5502],[-121.8883,37.5452],[-121.8781,37.5302],[-121.8808,37.5079],[-121.8721,37.4833],[-121.8558,37.4845],[-121.8521,37.4806],[-121.8353,37.4388],[-121.8237,37.4396],[-121.8171,37.434],[-121.7917,37.4286],[-121.7796,37.4174],[-121.7806,37.4124],[-121.7902,37.4138],[-121.7819,37.4046],[-121.7864,37.4042],[-121.7838,37.3915],[-121.7926,37.4006],[-121.8004,37.3915],[-121.806,37.3949],[-121.8037,37.3903],[-121.8151,37.3906],[-121.8118,37.3873],[-121.8177,37.3814],[-121.8274,37.3806],[-121.8661,37.3542],[-121.8766,37.361],[-121.9416,37.3766],[-121.9433,37.3734],[-121.9351,37.3723],[-121.9383,37.3727],[-121.9361,37.3659],[-121.9417,37.3707],[-121.9414,37.3665],[-121.9318,37.3574],[-121.9297,37.348],[-121.9321,37.3379],[-121.9502,37.3381],[-121.9502,37.3285],[-121.9564,37.3299],[-121.9467,37.3234],[-122.0047,37.3231],[-122.0024,37.3378],[-122.0164,37.3377],[-122.02,37.3329],[-122.0196,37.3377],[-122.0368,37.3394],[-122.0437,37.3339],[-122.0505,37.3375],[-122.0528,37.3302],[-122.0574,37.3316],[-122.0652,37.3432],[-122.0607,37.3548],[-122.0633,37.3667],[-122.0569,37.3855],[-122.0473,37.3866],[-122.0469,37.403],[-122.0374,37.4009],[-122.0347,37.4264],[-122.0598,37.4268],[-122.0597,37.4641],[-122.1096,37.4976],[-122.2187,37.6317],[-122.2181,37.6321]]]]}},{"type":"Feature","properties":{"d":11},"geometry":{"type":"MultiPolygon","coordinates":[[[[-122.6123,37.8152],[-122.528,37.8151],[-122.5289,37.8201],[-122.5207,37.8253],[-122.4991,37.8199],[-122.4912,37.8266],[-122.4781,37.8253],[-122.4778,37.8332],[-122.4187,37.8525],[-122.4323,37.9298],[-122.3738,37.8837],[-122.3323,37.7821],[-122.3279,37.7812],[-122.2818,37.7082],[-122.4053,37.7083],[-122.4134,37.6978],[-122.421,37.6992],[-122.4265,37.693],[-122.4081,37.6848],[-122.408,37.6755],[-122.3966,37.6747],[-122.4079,37.6748],[-122.4067,37.667],[-122.415,37.6729],[-122.4238,37.6721],[-122.4372,37.6524],[-122.4341,37.6463],[-122.4495,37.6452],[-122.4399,37.6367],[-122.4539,37.6318],[-122.4685,37.6437],[-122.4827,37.6667],[-122.4879,37.6609],[-122.4958,37.6656],[-122.5705,37.6653],[-122.5847,37.7792],[-122.6002,37.8025],[-122.6123,37.8152]]],[[[-123.1738,37.7757],[-123.166,37.7969],[-123.1323,37.8197],[-123.0953,37.8219],[-123.0705,37.8138],[-123.0488,37.7998],[-123.0338,37.7784],[-122.9975,37.7708],[-122.95,37.7322],[-122.9359,37.7025],[-122.9414,37.6766],[-122.963,37.652],[-122.9867,37.6418],[-123.0011,37.6398],[-123.0407,37.6503],[-123.0686,37.673],[-123.0749,37.6901],[-123.0928,37.7137],[-123.1261,37.7167],[-123.1568,37.7378],[-123.17,37.7559],[-123.1738,37.7718],[-123.1738,37.7757]]]]}},{"type":"Feature","properties":{"d":12},"geometry":{"type":"MultiPolygon","coordinates":[[[[-119.9326,36.8445],[-119.9278,36.8485],[-119.9145,36.845],[-119.9029,36.8518],[-119.8898,36.8516],[-119.8849,36.8585],[-119.8538,36.8513],[-119.8475,36.8604],[-119.8409,36.8613],[-119.8348,36.8525],[-119.8139,36.8502],[-119.8096,36.8626],[-119.7855,36.8798],[-119.7893,36.8967],[-119.7757,36.9091],[-119.7727,36.9186],[-119.7549,36.9224],[-119.7503,36.9283],[-119.7521,36.9359],[-119.7338,36.9464],[-119.7367,36.9536],[-119.7433,36.9546],[-119.7405,36.9702],[-119.6981,37.0087],[-119.6586,37.0133],[-119.6594,37.0389],[-119.6495,37.0435],[-119.6393,37.0433],[-119.629,37.0346],[-119.6354,37.0215],[-119.6211,37.0266],[-119.6104,37.0457],[-119.6136,37.052],[-119.6049,37.071],[-119.5614,37.0655],[-119.559,37.0881],[-119.5416,37.096],[-119.5376,37.1051],[-119.5488,37.1168],[-119.5686,37.1167],[-119.5602,37.1433],[-119.55,37.1446],[-119.525,37.1282],[-119.5175,37.1468],[-119.506,37.1503],[-119.4892,37.1373],[-119.4913,37.1197],[-119.4833,37.1103],[-119.4748,37.11],[-119.4663,37.1196],[-119.4691,37.1259],[-119.4626,37.1442],[-119.4349,37.147],[-119.4321,37.1626],[-119.4158,37.1634],[-119.4068,37.16],[-119.3998,37.1498],[-119.3888,37.1492],[-119.375,37.1579],[-119.3752,37.1641],[-119.3624,37.1675],[-119.3606,37.1805],[-119.3431,37.1891],[-119.3301,37.2074],[-119.3307,37.2152],[-119.3378,37.2192],[-119.3222,37.2534],[-119.3264,37.2699],[-119.3323,37.2744],[-119.3269,37.2919],[-119.3354,37.3112],[-119.3158,37.3248],[-119.3258,37.3354],[-119.3122,37.3397],[-119.3154,37.3461],[-119.3122,37.3527],[-119.0224,37.5857],[-119.0023,37.5711],[-118.9849,37.5673],[-118.977,37.5568],[-118.9641,37.5581],[-118.9527,37.5658],[-118.9297,37.5489],[-118.9171,37.5503],[-118.9012,37.5312],[-118.9019,37.526],[-118.8911,37.5253],[-118.8837,37.5201],[-118.8817,37.5103],[-118.8608,37.5015],[-118.8572,37.4795],[-118.8505,37.4758],[-118.8155,37.4878],[-118.7947,37.4875],[-118.7733,37.4595],[-118.7633,37.4565],[-118.7588,37.4425],[-118.7675,37.4236],[-118.7798,37.4217],[-118.79,37.394],[-118.7677,37.3677],[-118.7686,37.3598],[-118.7815,37.3564],[-118.7867,37.3434],[-118.7801,37.3349],[-118.7579,37.3288],[-118.7411,37.3153],[-118.716,37.3282],[-118.695,37.306],[-118.6821,37.2805],[-118.6653,37.2619],[-118.6837,37.2444],[-118.6822,37.234],[-118.6864,37.2276],[-118.6756,37.2141],[-118.6813,37.2044],[-118.6665,37.1895],[-118.6642,37.1781],[-118.6726,37.1673],[-118.6665,37.1614],[-118.6672,37.1546],[-118.6546,37.1418],[-118.6413,37.1372],[-118.6134,37.143],[-118.5996,37.1365],[-118.5927,37.1381],[-118.5831,37.1224],[-118.569,37.1226],[-118.5641,37.1132],[-118.5451,37.1154],[-118.5309,37.1112],[-118.5221,37.0984],[-118.5119,37.0928],[-118.5031,37.0952],[-118.4866,37.0774],[-118.4711,37.0727],[-118.4673,37.0667],[-118.449,37.0691],[-118.4371,37.0598],[-118.435,37.0497],[-118.4417,37.045],[-118.4228,37.0258],[-118.428,37.0112],[-118.4122,36.9983],[-118.4189,36.9948],[-118.4195,36.9874],[-118.4044,36.972],[-118.4047,36.9575],[-118.3966,36.9573],[-118.3884,36.9455],[-118.3608,36.8877],[-118.3702,36.8717],[-118.3622,36.8614],[-118.3622,36.844],[-118.3715,36.8361],[-118.3898,36.8345],[-118.3937,36.8297],[-118.374,36.8002],[-118.3802,36.7822],[-118.3692,36.75],[-118.3509,36.7407],[-118.3396,36.729],[-118.336,36.7163],[-118.3355,36.7044],[-118.3661,36.6904],[-118.352,36.6829],[-118.3475,36.6723],[-118.3312,36.6694],[-118.3295,36.6654],[-118.3382,36.6554],[-118.3188,36.6389],[-118.3213,36.6274],[-118.3028,36.619],[-118.2939,36.6051],[-118.2816,36.6045],[-118.2746,36.5973],[-118.278,36.5923],[-118.289,36.5907],[-118.288,36.5837],[-118.2941,36.5774],[-118.2898,36.5732],[-118.2912,36.5593],[-118.2759,36.5508],[-118.2653,36.5515],[-118.2602,36.5441],[-118.252,36.5421],[-118.2494,36.524],[-118.2388,36.5236],[-118.2414,36.5],[-118.235,36.4937],[-118.2499,36.4824],[-118.237,36.477],[-118.2326,36.4663],[-118.2156,36.4563],[-118.2096,36.4421],[-118.2144,36.4343],[-118.1936,36.4265],[-118.1749,36.4265],[-118.1568,36.4326],[-118.1412,36.4209],[-118.1374,36.4153],[-118.1403,36.4035],[-118.1629,36.3894],[-118.141,36.3716],[-118.1305,36.3703],[-118.1242,36.3519],[-118.1003,36.3461],[-118.0976,36.3311],[-118.1125,36.322],[-118.1118,36.3083],[-118.1216,36.3068],[-118.1201,36.3022],[-118.127,36.3002],[-118.1276,36.2803],[-118.1174,36.2712],[-118.1194,36.2556],[-118.1052,36.2336],[-118.1092,36.2255],[-118.1056,36.2134],[-118.0907,36.1973],[-118.0737,36.1894],[-118.07,36.1786],[-118.0593,36.1701],[-118.0626,36.1622],[-118.0597,36.1508],[-118.0735,36.1403],[-118.0646,36.1104],[-118.0683,36.1085],[-118.0673,36.0934],[-118.0631,36.0892],[-118.058,36.0919],[-118.0516,36.0835],[-118.0517,36.0595],[-118.0427,36.0485],[-118.0463,36.0422],[-118.0395,36.0342],[-118.0414,36.0298],[-118.0371,36.0291],[-118.0336,36.0089],[-118.0121,35.9983],[-118.0036,35.9837],[-118.0045,35.9772],[-118.0146,35.9729],[-118.0168,35.9546],[-118.0111,35.9546],[-118.0069,35.9465],[-117.9919,35.9438],[-117.9833,35.9266],[-117.9903,35.914],[-117.9821,35.8947],[-117.9891,35.8813],[-117.9808,35.8675],[-117.9967,35.8695],[-118.0074,35.8582],[-118.0029,35.8413],[-118.0062,35.829],[-117.9986,35.823],[-118.0077,35.8171],[-118.0081,35.7889],[-117.923,35.7867],[-117.9244,35.7984],[-117.6343,35.7977],[-117.6343,35.7098],[-117.6521,35.7099],[-117.6522,35.6808],[-117.6165,35.6807],[-117.6165,35.6516],[-117.6343,35.6516],[-117.6297,35.4662],[-117.6337,35.4345],[-117.6322,34.8223],[-118.854,34.8178],[-118.8543,34.803],[-118.8767,34.8032],[-118.8841,34.8108],[-118.8804,34.8178],[-118.8946,34.818],[-118.8804,34.7887],[-118.978,34.7898],[-118.9779,34.8117],[-119.2425,34.8143],[-119.2426,34.8576],[-119.2772,34.8573],[-119.2764,34.8725],[-119.3819,34.874],[-119.3837,34.9008],[-119.4725,34.9014],[-119.4726,35.0767],[-119.4905,35.0767],[-119.4904,35.0916],[-119.5618,35.0878],[-119.5538,35.1801],[-119.6673,35.175],[-119.6666,35.2626],[-119.8094,35.2637],[-119.8092,35.3509],[-119.8804,35.3511],[-119.8799,35.432],[-119.8712,35.4347],[-119.8784,35.4398],[-119.8738,35.4446],[-119.858,35.451],[-119.8503,35.4434],[-119.8409,35.4473],[-119.8334,35.4447],[-119.8349,35.4482],[-119.8065,35.4474],[-119.8004,35.4509],[-119.8055,35.4557],[-119.7961,35.4552],[-119.7965,35.4411],[-119.791,35.4409],[-119.6916,35.441],[-119.6941,35.4451],[-119.6904,35.4452],[-119.6799,35.4448],[-119.6805,35.4412],[-119.2435,35.4416],[-119.2427,35.4997],[-119.0766,35.4995],[-119.0747,35.4739],[-119.0472,35.4586],[-119.026,35.4633],[-119.0268,35.4592],[-119.0192,35.4564],[-119.0166,35.4414],[-119.0052,35.4413],[-119.0012,35.436],[-119.0123,35.4268],[-119.0128,35.4194],[-119.0044,35.42],[-119.0076,35.4123],[-118.9987,35.4122],[-118.9986,35.406],[-119.0054,35.4018],[-119.0029,35.3975],[-119.0187,35.3962],[-119.0192,35.3872],[-119.0039,35.3792],[-119.0029,35.3684],[-119.0407,35.3685],[-119.0583,35.3631],[-119.0608,35.3382],[-119.0745,35.3347],[-119.0744,35.3107],[-119.0922,35.3108],[-119.0922,35.2961],[-119.0745,35.296],[-119.0744,35.2816],[-119.0505,35.2814],[-119.0526,35.267],[-119.0434,35.2669],[-119.0434,35.2561],[-119.039,35.2598],[-119.0205,35.2571],[-119.0212,35.262],[-119.0031,35.2596],[-119.0036,35.1701],[-118.9962,35.1466],[-118.977,35.1541],[-118.9769,35.1792],[-118.9684,35.1797],[-118.9676,35.194],[-118.9498,35.194],[-118.95,35.2087],[-118.9322,35.2087],[-118.9335,35.1939],[-118.8781,35.1942],[-118.8781,35.1654],[-118.8237,35.1656],[-118.824,35.191],[-118.8152,35.1912],[-118.8151,35.1803],[-118.8059,35.1805],[-118.8063,35.2092],[-118.7526,35.2094],[-118.7527,35.2924],[-118.7686,35.2993],[-118.8027,35.3279],[-118.8432,35.3382],[-118.8439,35.3744],[-118.862,35.362],[-118.8964,35.3617],[-118.8964,35.3836],[-118.9135,35.3803],[-118.9265,35.3856],[-118.9378,35.3796],[-118.938,35.3833],[-118.9497,35.3832],[-118.9498,35.3962],[-118.9132,35.3969],[-118.9142,35.4125],[-118.9326,35.4232],[-118.9485,35.4212],[-118.9463,35.4314],[-118.9588,35.4252],[-118.9498,35.4324],[-118.9497,35.4413],[-118.9578,35.4415],[-118.9584,35.478],[-118.9653,35.4747],[-118.9783,35.4875],[-118.976,35.4993],[-118.9934,35.5017],[-119.0238,35.532],[-119.036,35.602],[-119.0655,35.5906],[-119.0685,35.6024],[-119.0876,35.6025],[-119.0847,35.6349],[-119.063,35.699],[-119.0649,35.7186],[-119.0528,35.75],[-119.0534,35.7908],[-118.9807,35.7907],[-118.9969,35.798],[-118.9928,35.7979],[-118.9906,35.8092],[-118.9847,35.8092],[-118.9818,35.8207],[-118.9897,35.8211],[-118.9944,35.8272],[-118.9623,35.8379],[-118.9812,35.8447],[-119.0001,35.8593],[-119.0002,35.9207],[-118.9755,35.9206],[-118.9733,35.946],[-118.9644,35.946],[-118.9643,35.9498],[-118.9673,35.9714],[-119.0002,35.9714],[-118.9996,36.0295],[-118.9909,36.0296],[-118.9911,36.0223],[-118.9822,36.0223],[-118.9822,36.0296],[-118.9909,36.0332],[-118.9777,36.0332],[-118.9776,36.0439],[-118.9643,36.048],[-118.9501,36.0443],[-118.9371,36.0509],[-118.9446,36.0505],[-118.9493,36.0587],[-118.9628,36.0613],[-118.9683,36.066],[-118.9661,36.0714],[-118.9775,36.0733],[-118.9774,36.0803],[-119.0087,36.0852],[-119.0088,36.1038],[-119.0019,36.1095],[-119.0269,36.1094],[-119.0271,36.1133],[-119.0181,36.1164],[-119.0179,36.1236],[-119.0449,36.1236],[-119.0449,36.1309],[-119.0359,36.1309],[-119.036,36.1347],[-119.0449,36.1347],[-119.0464,36.1999],[-119.0419,36.2],[-119.0421,36.2071],[-119.033,36.2072],[-119.0329,36.1963],[-119.0103,36.1967],[-119.0104,36.2111],[-118.9925,36.2111],[-118.9924,36.239],[-119.0335,36.239],[-119.034,36.2535],[-119.0283,36.2568],[-119.0242,36.2689],[-119.0383,36.2689],[-119.0474,36.2804],[-119.0636,36.2865],[-119.0637,36.2825],[-119.0754,36.2826],[-119.0839,36.2745],[-119.091,36.2746],[-119.0903,36.2622],[-119.0807,36.2537],[-119.1005,36.2532],[-119.1094,36.2609],[-119.1273,36.2607],[-119.1273,36.2535],[-119.1184,36.2508],[-119.1185,36.2316],[-119.1275,36.2317],[-119.1268,36.1963],[-119.1716,36.1963],[-119.172,36.2108],[-119.3266,36.2114],[-119.3474,36.2079],[-119.3553,36.2402],[-119.3544,36.233],[-119.3601,36.2329],[-119.3622,36.2277],[-119.3846,36.2256],[-119.3843,36.2034],[-119.4211,36.2035],[-119.4212,36.2688],[-119.4746,36.269],[-119.4751,36.3709],[-119.4394,36.3709],[-119.4444,36.3853],[-119.4261,36.3855],[-119.4248,36.3708],[-119.3321,36.371],[-119.3322,36.3741],[-119.303,36.3681],[-119.297,36.3644],[-119.297,36.3563],[-119.3223,36.3564],[-119.3228,36.3525],[-119.3143,36.3532],[-119.3143,36.3492],[-119.3231,36.3492],[-119.3231,36.3419],[-119.3143,36.3419],[-119.3142,36.3357],[-119.305,36.3335],[-119.2879,36.3338],[-119.2875,36.3418],[-119.261,36.342],[-119.2608,36.3266],[-119.2248,36.3272],[-119.2251,36.2832],[-119.2188,36.2831],[-119.2211,36.2796],[-119.2172,36.2768],[-119.2166,36.2834],[-119.2073,36.2833],[-119.2032,36.2975],[-119.1943,36.2975],[-119.1982,36.3122],[-119.1711,36.312],[-119.1704,36.3264],[-119.1149,36.3258],[-119.1163,36.3585],[-119.1001,36.3584],[-119.0996,36.3712],[-119.0831,36.38],[-119.0458,36.3888],[-119.0805,36.3945],[-119.0809,36.4137],[-119.0861,36.4137],[-119.0858,36.421],[-119.0809,36.4227],[-119.0868,36.4228],[-119.0851,36.4282],[-119.0962,36.4246],[-119.0982,36.4282],[-119.1243,36.4283],[-119.1245,36.4212],[-119.1347,36.4162],[-119.1359,36.4213],[-119.1508,36.4273],[-119.1578,36.4355],[-119.1886,36.4356],[-119.1886,36.439],[-119.2059,36.4419],[-119.2051,36.4858],[-119.2147,36.4859],[-119.2149,36.4943],[-119.2332,36.4991],[-119.2465,36.5128],[-119.234,36.5314],[-119.2143,36.5443],[-119.2407,36.5601],[-119.2641,36.5871],[-119.305,36.5882],[-119.3044,36.7094],[-119.295,36.715],[-119.2862,36.7134],[-119.2852,36.7284],[-119.3402,36.7151],[-119.3402,36.7045],[-119.3947,36.7053],[-119.3946,36.709],[-119.4125,36.7117],[-119.4128,36.6982],[-119.4574,36.6985],[-119.4574,36.7058],[-119.4693,36.706],[-119.4919,36.7058],[-119.5015,36.6992],[-119.5121,36.6992],[-119.511,36.7251],[-119.534,36.7212],[-119.5293,36.7358],[-119.543,36.7361],[-119.5427,36.743],[-119.5562,36.743],[-119.5561,36.7646],[-119.7318,36.7652],[-119.7317,36.7793],[-119.7363,36.7808],[-119.7359,36.7868],[-119.7317,36.7868],[-119.7318,36.8085],[-119.7452,36.8086],[-119.7452,36.8013],[-119.7642,36.8013],[-119.7655,36.8086],[-119.7877,36.8085],[-119.7881,36.8013],[-119.7939,36.8008],[-119.7923,36.7937],[-119.7995,36.7958],[-119.7995,36.7904],[-119.8069,36.7849],[-119.8175,36.793],[-119.8175,36.8019],[-119.8264,36.8019],[-119.8264,36.8083],[-119.8444,36.8083],[-119.8444,36.8155],[-119.8506,36.8163],[-119.8495,36.823],[-119.8564,36.8295],[-119.8674,36.8299],[-119.8703,36.8249],[-119.8626,36.8083],[-119.8775,36.8082],[-119.9326,36.8442],[-119.9326,36.8445]]]]}},{"type":"Feature","properties":{"d":13},"geometry":{"type":"MultiPolygon","coordinates":[[[[-122.5882,37.5794],[-122.5675,37.6392],[-122.5705,37.6653],[-122.4958,37.6656],[-122.4879,37.6609],[-122.4827,37.6667],[-122.4685,37.6437],[-122.4539,37.6318],[-122.4399,37.6367],[-122.4495,37.6452],[-122.4341,37.6463],[-122.4372,37.6524],[-122.4238,37.6721],[-122.415,37.6729],[-122.4067,37.667],[-122.4079,37.6748],[-122.3966,37.6747],[-122.408,37.6755],[-122.4081,37.6848],[-122.4265,37.693],[-122.421,37.6992],[-122.4134,37.6978],[-122.4053,37.7083],[-122.2818,37.7082],[-122.1096,37.4976],[-122.0597,37.4641],[-122.0598,37.4268],[-122.0347,37.4264],[-122.0374,37.4009],[-122.0469,37.403],[-122.0473,37.3866],[-122.0569,37.3855],[-122.0648,37.3416],[-122.054,37.3302],[-122.0505,37.3375],[-122.0437,37.3339],[-122.0368,37.3394],[-122.0196,37.3377],[-122.02,37.3329],[-122.0164,37.3377],[-122.0024,37.3378],[-122.0047,37.3231],[-121.9958,37.3204],[-121.9962,37.3097],[-122.0343,37.3123],[-122.0323,37.294],[-122.0035,37.2962],[-121.9939,37.292],[-121.9943,37.2805],[-121.9895,37.277],[-121.9943,37.2761],[-121.9937,37.2705],[-121.985,37.2665],[-121.9798,37.279],[-121.9647,37.2788],[-121.9658,37.2867],[-121.9829,37.2835],[-121.9803,37.2925],[-121.9707,37.2908],[-121.9709,37.2954],[-121.9626,37.2979],[-121.9446,37.295],[-121.9455,37.307],[-121.9399,37.3052],[-121.9374,37.2942],[-121.9317,37.298],[-121.9317,37.2944],[-121.9181,37.2944],[-121.9235,37.2814],[-121.9342,37.2824],[-121.9338,37.2747],[-121.9414,37.2726],[-121.9522,37.2532],[-121.95,37.2465],[-121.9403,37.2434],[-121.9403,37.2361],[-121.9346,37.2362],[-121.9338,37.2434],[-121.9227,37.2435],[-121.9251,37.2361],[-121.9112,37.2363],[-121.9129,37.2253],[-121.9058,37.2238],[-121.9128,37.2111],[-121.9309,37.2132],[-121.931,37.1993],[-121.9476,37.1993],[-121.9473,37.2068],[-121.9549,37.2071],[-121.9555,37.2121],[-121.9589,37.2071],[-121.9624,37.2141],[-121.9719,37.2142],[-121.9719,37.2036],[-121.9859,37.2014],[-121.9905,37.2207],[-122.0043,37.2318],[-122.0054,37.2405],[-122.0131,37.2242],[-122.023,37.2207],[-122.0252,37.215],[-122.0288,37.2175],[-122.0286,37.2074],[-122.0441,37.2005],[-122.0551,37.2125],[-122.0659,37.2104],[-122.0788,37.223],[-122.0898,37.2233],[-122.1042,37.2343],[-122.1216,37.2586],[-122.1317,37.2609],[-122.1505,37.2759],[-122.1523,37.2861],[-122.1528,37.2154],[-122.2426,37.2151],[-122.2427,37.19],[-122.3177,37.1869],[-122.3118,37.1475],[-122.2894,37.1135],[-122.3139,37.0548],[-122.3364,37.0539],[-122.3697,37.062],[-122.3931,37.0872],[-122.3969,37.1099],[-122.4134,37.1218],[-122.4213,37.1351],[-122.4456,37.15],[-122.4659,37.1819],[-122.4722,37.2122],[-122.4817,37.2291],[-122.484,37.2499],[-122.467,37.3499],[-122.5035,37.4119],[-122.5099,37.4416],[-122.5373,37.4507],[-122.571,37.4845],[-122.5879,37.5764],[-122.5882,37.5794]]]]}},{"type":"Feature","properties":{"d":14},"geometry":{"type":"MultiPolygon","coordinates":[[[[-121.2486,37.0337],[-121.2406,37.0318],[-121.2245,37.0397],[-121.2245,37.0562],[-121.2126,37.0551],[-121.2082,37.0613],[-121.2096,37.0682],[-121.2455,37.0891],[-121.2304,37.0969],[-121.2305,37.1048],[-121.2173,37.123],[-121.2268,37.1348],[-120.9631,37.3455],[-120.9615,37.351],[-120.9565,37.3492],[-120.959,37.3579],[-120.9468,37.359],[-120.9405,37.369],[-120.9246,37.3701],[-120.9221,37.3556],[-120.9077,37.3636],[-120.8969,37.3556],[-120.8811,37.3627],[-120.8622,37.3576],[-120.8509,37.3618],[-120.846,37.3695],[-120.8357,37.3692],[-120.8281,37.3815],[-120.8087,37.3832],[-120.7917,37.3923],[-120.7673,37.3882],[-120.7617,37.3947],[-120.7461,37.3992],[-120.7413,37.3926],[-120.7426,37.3993],[-120.7285,37.4082],[-120.7136,37.4034],[-120.7152,37.4004],[-120.7048,37.4004],[-120.7005,37.384],[-120.7097,37.3823],[-120.6684,37.3672],[-120.6678,37.4039],[-120.5761,37.4039],[-120.576,37.4184],[-120.5213,37.4184],[-120.5213,37.4039],[-120.4872,37.404],[-120.4826,37.4184],[-120.4698,37.4136],[-120.4689,37.406],[-120.4553,37.415],[-120.4495,37.4011],[-120.3702,37.4223],[-120.3116,37.4556],[-120.284,37.4629],[-120.275,37.4436],[-120.2844,37.4317],[-120.2834,37.4244],[-120.247,37.3802],[-120.2035,37.3133],[-120.1877,37.3011],[-120.1827,37.2914],[-120.1866,37.2803],[-120.1785,37.2624],[-120.1438,37.2392],[-120.0901,37.2215],[-120.0622,37.198],[-120.0521,37.1831],[-120.1092,37.1659],[-120.1215,37.1591],[-120.1203,37.1475],[-120.0946,37.1286],[-120.0839,37.1292],[-120.0813,37.1234],[-120.0555,37.1248],[-120.0347,37.1116],[-120.0392,37.1015],[-120.0221,37.0836],[-120.0293,37.0836],[-120.0293,37.0667],[-120.0021,37.0704],[-120.0066,37.0686],[-120.0065,37.0541],[-120.0019,37.0541],[-120.0017,37.0328],[-120.029,37.0326],[-120.0286,36.9961],[-120.0241,36.996],[-120.0241,36.9916],[-120.0287,36.9916],[-120.0297,36.9846],[-120.0009,36.9945],[-119.9982,36.9742],[-120.0105,36.9743],[-120.013,36.9671],[-119.9875,36.9378],[-120.0103,36.938],[-120.0149,36.9319],[-120.0324,36.9354],[-120.0376,36.9166],[-120.056,36.9166],[-120.056,36.8731],[-120.1103,36.873],[-120.1149,36.8143],[-120.0986,36.8149],[-120.0795,36.8253],[-120.0714,36.8187],[-120.056,36.8229],[-120.0423,36.8155],[-120.0278,36.8145],[-120.0137,36.8281],[-119.9924,36.8289],[-119.9903,36.8378],[-119.9847,36.8408],[-119.9666,36.8325],[-119.9435,36.834],[-119.9323,36.8433],[-119.8775,36.8082],[-119.8626,36.8083],[-119.8703,36.8249],[-119.8674,36.8299],[-119.8564,36.8295],[-119.8495,36.823],[-119.8506,36.8163],[-119.8444,36.8155],[-119.8444,36.8083],[-119.8264,36.8083],[-119.8264,36.8019],[-119.8175,36.8019],[-119.8175,36.793],[-119.8069,36.7849],[-119.7995,36.7904],[-119.7995,36.7958],[-119.7923,36.7937],[-119.7939,36.8008],[-119.7881,36.8013],[-119.7877,36.8085],[-119.7655,36.8086],[-119.7642,36.8013],[-119.7452,36.8013],[-119.7452,36.8086],[-119.7318,36.8085],[-119.7317,36.7868],[-119.7359,36.7868],[-119.7363,36.7808],[-119.7317,36.7793],[-119.7318,36.7652],[-119.5561,36.7646],[-119.5562,36.743],[-119.5427,36.743],[-119.543,36.7361],[-119.5293,36.7358],[-119.534,36.7212],[-119.511,36.7251],[-119.5111,36.699],[-119.5015,36.6992],[-119.4919,36.7058],[-119.4693,36.706],[-119.4574,36.7058],[-119.4574,36.6985],[-119.4128,36.6982],[-119.4125,36.7117],[-119.3946,36.709],[-119.3947,36.7053],[-119.3402,36.7045],[-119.3402,36.7151],[-119.2977,36.7234],[-119.2867,36.7304],[-119.2862,36.7134],[-119.295,36.715],[-119.3044,36.7094],[-119.3051,36.5737],[-119.4663,36.5752],[-119.4848,36.5606],[-119.4772,36.5699],[-119.4859,36.5683],[-119.4842,36.6188],[-119.5208,36.6193],[-119.5161,36.6119],[-119.5209,36.612],[-119.5211,36.5902],[-119.5301,36.5903],[-119.5299,36.6048],[-119.5478,36.6038],[-119.5479,36.5981],[-119.5749,36.5959],[-119.5659,36.6051],[-119.6106,36.6053],[-119.6106,36.5916],[-119.595,36.5908],[-119.5996,36.5849],[-119.5971,36.5796],[-119.6018,36.5786],[-119.6018,36.5715],[-119.5929,36.5727],[-119.5929,36.5652],[-119.6018,36.5652],[-119.6018,36.5616],[-119.5952,36.5616],[-119.5951,36.5543],[-119.599,36.5543],[-119.5753,36.5259],[-119.5685,36.5235],[-119.5754,36.518],[-119.5752,36.5107],[-119.5616,36.5107],[-119.5614,36.5034],[-119.5569,36.5021],[-119.6664,36.4189],[-119.6716,36.4311],[-119.6936,36.4245],[-119.7057,36.427],[-119.714,36.4189],[-119.7463,36.4168],[-119.7531,36.4019],[-119.9592,36.401],[-119.9589,36.1814],[-120.3151,35.9072],[-120.3229,35.9078],[-120.3367,35.9236],[-120.336,35.9372],[-120.3565,35.9481],[-120.3625,35.9594],[-120.3604,35.9644],[-120.394,35.9679],[-120.4085,35.976],[-120.4351,35.9698],[-120.4497,35.9884],[-120.4774,36.0008],[-120.4793,36.0107],[-120.5176,36.0275],[-120.52,36.0209],[-120.5298,36.0243],[-120.527,36.0357],[-120.5404,36.0367],[-120.5454,36.0461],[-120.5666,36.0529],[-120.5879,36.0666],[-120.5961,36.0782],[-120.5898,36.0896],[-120.5994,36.1009],[-120.608,36.1027],[-120.6142,36.0951],[-120.6336,36.1033],[-120.6419,36.1013],[-120.6488,36.108],[-120.6454,36.1162],[-120.6532,36.1188],[-120.6557,36.1318],[-120.6676,36.1381],[-120.6647,36.1473],[-120.672,36.1643],[-120.6642,36.1657],[-120.6631,36.1712],[-120.6499,36.168],[-120.652,36.1741],[-120.6447,36.1792],[-120.6392,36.1965],[-120.6269,36.2032],[-120.6517,36.2307],[-120.6797,36.2467],[-120.6815,36.252],[-120.673,36.2577],[-120.6804,36.2671],[-120.6726,36.2805],[-120.6829,36.2868],[-120.6828,36.2943],[-120.6588,36.3162],[-120.6179,36.3188],[-120.5966,36.3285],[-120.5972,36.4882],[-120.6037,36.4882],[-120.9337,36.7519],[-121.1415,36.8367],[-121.1526,36.8654],[-121.1636,36.8692],[-121.1691,36.885],[-121.1843,36.8964],[-121.1843,36.909],[-121.1983,36.9143],[-121.2217,36.9104],[-121.2242,36.9199],[-121.2343,36.9261],[-121.2292,36.941],[-121.2117,36.9574],[-121.2321,36.9689],[-121.2459,36.983],[-121.2447,36.9935],[-121.2331,36.9993],[-121.2382,37.0093],[-121.2333,37.0117],[-121.2486,37.0336],[-121.2486,37.0337]]]]}},{"type":"Feature","properties":{"d":15},"geometry":{"type":"MultiPolygon","coordinates":[[[[-122.0441,37.2005],[-122.0286,37.2074],[-122.0288,37.2175],[-122.0252,37.215],[-122.023,37.2207],[-122.0131,37.2242],[-122.0054,37.2405],[-122.0043,37.2318],[-121.9905,37.2207],[-121.9859,37.2014],[-121.9719,37.2036],[-121.9719,37.2142],[-121.9624,37.2141],[-121.9589,37.2071],[-121.9555,37.2121],[-121.9549,37.2071],[-121.9473,37.2068],[-121.9476,37.1993],[-121.931,37.1993],[-121.9309,37.2132],[-121.9128,37.2111],[-121.9055,37.2244],[-121.9129,37.2253],[-121.9112,37.2363],[-121.9251,37.2361],[-121.9227,37.2435],[-121.9338,37.2434],[-121.9346,37.2362],[-121.9403,37.2361],[-121.9403,37.2434],[-121.95,37.2465],[-121.9522,37.2532],[-121.9414,37.2726],[-121.9338,37.2747],[-121.9342,37.2824],[-121.9235,37.2814],[-121.9181,37.2944],[-121.9317,37.2944],[-121.9317,37.298],[-121.9374,37.2942],[-121.9399,37.3052],[-121.9455,37.307],[-121.9446,37.295],[-121.9626,37.2979],[-121.9709,37.2954],[-121.9707,37.2908],[-121.9803,37.2925],[-121.9829,37.2835],[-121.9658,37.2867],[-121.9647,37.2788],[-121.9798,37.279],[-121.985,37.2665],[-121.9937,37.2705],[-121.9943,37.2761],[-121.9895,37.277],[-121.9943,37.2805],[-121.9939,37.292],[-122.0035,37.2962],[-122.0323,37.294],[-122.0343,37.3123],[-121.9962,37.3097],[-121.9958,37.3204],[-122.0034,37.3231],[-121.9467,37.3234],[-121.9564,37.3299],[-121.9502,37.3285],[-121.9502,37.3381],[-121.9321,37.3379],[-121.9297,37.348],[-121.9318,37.3574],[-121.9414,37.3665],[-121.9417,37.3707],[-121.9361,37.3659],[-121.9383,37.3727],[-121.9351,37.3723],[-121.9433,37.3734],[-121.9416,37.3766],[-121.8766,37.361],[-121.8661,37.3542],[-121.8274,37.3806],[-121.8177,37.3814],[-121.8118,37.3873],[-121.8151,37.3906],[-121.8037,37.3903],[-121.806,37.3949],[-121.8004,37.3915],[-121.7926,37.4006],[-121.7838,37.3915],[-121.7864,37.4042],[-121.7819,37.4046],[-121.7902,37.4138],[-121.7806,37.4124],[-121.7796,37.4174],[-121.7917,37.4286],[-121.8171,37.434],[-121.8237,37.4396],[-121.8353,37.4388],[-121.8558,37.4845],[-121.473,37.4823],[-121.4868,37.4757],[-121.4843,37.466],[-121.4629,37.4515],[-121.4619,37.4388],[-121.4726,37.4233],[-121.4564,37.4067],[-121.4567,37.3955],[-121.4482,37.3917],[-121.4361,37.3961],[-121.424,37.3936],[-121.4125,37.3894],[-121.4091,37.3807],[-121.4236,37.3588],[-121.4207,37.3447],[-121.4091,37.3306],[-121.4119,37.3244],[-121.4058,37.311],[-121.4235,37.2953],[-121.4368,37.292],[-121.4436,37.2966],[-121.4581,37.2841],[-121.454,37.2772],[-121.4557,37.2494],[-121.4417,37.2311],[-121.4218,37.2213],[-121.4088,37.1825],[-121.4134,37.1723],[-121.399,37.1501],[-121.3836,37.1515],[-121.3843,37.1662],[-121.3596,37.1845],[-121.3284,37.166],[-121.3129,37.1701],[-121.2986,37.166],[-121.2811,37.1836],[-121.2621,37.1593],[-121.2366,37.1567],[-121.2323,37.1399],[-121.2173,37.123],[-121.2305,37.1048],[-121.2304,37.0969],[-121.2455,37.0891],[-121.2096,37.0682],[-121.2082,37.0613],[-121.2126,37.0551],[-121.2245,37.0562],[-121.2245,37.0397],[-121.2406,37.0318],[-121.2486,37.0337],[-121.2333,37.0117],[-121.2382,37.0093],[-121.2331,36.9993],[-121.2415,36.9974],[-121.2466,36.9852],[-121.2321,36.9689],[-121.2154,36.9612],[-121.4182,36.9605],[-121.4506,36.9889],[-121.4637,36.9849],[-121.4636,36.9783],[-121.4679,36.9768],[-121.4889,36.9831],[-121.5124,36.9588],[-121.5138,36.9452],[-121.5392,36.9273],[-121.5403,36.9205],[-121.5585,36.9105],[-121.5603,36.8971],[-121.5757,36.893],[-121.5814,36.8992],[-121.5812,36.9193],[-121.5902,36.9193],[-121.5904,36.9262],[-121.6072,36.9261],[-121.6248,36.9405],[-121.6371,36.9391],[-121.6458,36.9323],[-121.654,36.9506],[-121.6633,36.9519],[-121.6648,36.9637],[-121.6978,36.9721],[-121.6954,36.9851],[-121.7052,36.9862],[-121.7179,36.9956],[-121.7387,36.99],[-121.7298,36.9936],[-121.7188,37.0076],[-121.7362,37.0153],[-121.7313,37.0224],[-121.7261,37.0213],[-121.7398,37.0277],[-121.7555,37.049],[-121.762,37.0478],[-121.7634,37.052],[-121.7753,37.053],[-121.786,37.062],[-121.8091,37.0693],[-121.8182,37.0837],[-121.8491,37.099],[-121.8619,37.0993],[-121.86,37.1042],[-121.8909,37.1053],[-121.929,37.1234],[-121.9574,37.1306],[-121.9727,37.1417],[-121.9911,37.1443],[-122.0025,37.1583],[-122.0262,37.1669],[-122.0307,37.19],[-122.044,37.2003],[-122.0441,37.2005]]]]}},{"type":"Feature","properties":{"d":16},"geometry":{"type":"MultiPolygon","coordinates":[[[[-120.3151,35.9072],[-119.9589,36.1814],[-119.9592,36.401],[-119.7531,36.4019],[-119.7463,36.4168],[-119.714,36.4189],[-119.7057,36.427],[-119.6936,36.4245],[-119.6716,36.4311],[-119.6664,36.4189],[-119.5569,36.5021],[-119.5614,36.5034],[-119.5616,36.5107],[-119.5752,36.5107],[-119.5754,36.518],[-119.5685,36.5235],[-119.5753,36.5259],[-119.599,36.5543],[-119.5951,36.5543],[-119.5952,36.5616],[-119.6018,36.5616],[-119.6018,36.5652],[-119.5929,36.5652],[-119.5929,36.5727],[-119.6018,36.5715],[-119.6018,36.5786],[-119.5971,36.5796],[-119.5996,36.5849],[-119.595,36.5908],[-119.6106,36.5916],[-119.6106,36.6053],[-119.5659,36.6051],[-119.5749,36.5959],[-119.5479,36.5981],[-119.5478,36.6038],[-119.5299,36.6048],[-119.5301,36.5903],[-119.5211,36.5902],[-119.5209,36.612],[-119.5161,36.6119],[-119.5208,36.6193],[-119.4842,36.6188],[-119.4859,36.5683],[-119.4772,36.5699],[-119.4848,36.5606],[-119.4663,36.5752],[-119.3051,36.5737],[-119.305,36.5882],[-119.2641,36.5871],[-119.2407,36.5601],[-119.2143,36.5443],[-119.234,36.5314],[-119.2465,36.5128],[-119.2332,36.4991],[-119.2149,36.4943],[-119.2147,36.4859],[-119.2051,36.4858],[-119.2059,36.4419],[-119.1886,36.439],[-119.1886,36.4356],[-119.1578,36.4355],[-119.1508,36.4273],[-119.1359,36.4213],[-119.1347,36.4162],[-119.1245,36.4212],[-119.1243,36.4283],[-119.0982,36.4282],[-119.0962,36.4246],[-119.0851,36.4282],[-119.0868,36.4228],[-119.0809,36.4227],[-119.0858,36.421],[-119.0861,36.4137],[-119.0809,36.4137],[-119.0805,36.3945],[-119.0458,36.3888],[-119.0831,36.38],[-119.0996,36.3712],[-119.1001,36.3584],[-119.1163,36.3585],[-119.1149,36.3258],[-119.1704,36.3264],[-119.1711,36.312],[-119.1982,36.3122],[-119.1943,36.2975],[-119.2032,36.2975],[-119.2073,36.2833],[-119.2166,36.2834],[-119.2172,36.2768],[-119.2211,36.2796],[-119.2188,36.2831],[-119.2251,36.2832],[-119.2248,36.3272],[-119.2608,36.3266],[-119.261,36.342],[-119.2875,36.3418],[-119.2879,36.3338],[-119.305,36.3335],[-119.3142,36.3357],[-119.3143,36.3419],[-119.3231,36.3419],[-119.3231,36.3492],[-119.3143,36.3492],[-119.3143,36.3532],[-119.3228,36.3525],[-119.3223,36.3564],[-119.297,36.3563],[-119.297,36.3644],[-119.303,36.3681],[-119.3322,36.3741],[-119.3321,36.371],[-119.4248,36.3708],[-119.4261,36.3855],[-119.4444,36.3853],[-119.4394,36.3709],[-119.4751,36.3709],[-119.4746,36.269],[-119.4212,36.2688],[-119.4211,36.2035],[-119.3843,36.2034],[-119.3846,36.2256],[-119.3622,36.2277],[-119.3601,36.2329],[-119.3544,36.233],[-119.3553,36.2402],[-119.3474,36.2079],[-119.3266,36.2114],[-119.172,36.2108],[-119.1716,36.1963],[-119.1268,36.1963],[-119.1275,36.2317],[-119.1185,36.2316],[-119.1184,36.2508],[-119.1273,36.2535],[-119.1273,36.2607],[-119.1094,36.2609],[-119.1005,36.2532],[-119.0807,36.2537],[-119.0903,36.2622],[-119.091,36.2746],[-119.0839,36.2745],[-119.0754,36.2826],[-119.0637,36.2825],[-119.0636,36.2865],[-119.0474,36.2804],[-119.0383,36.2689],[-119.0242,36.2689],[-119.0283,36.2568],[-119.034,36.2535],[-119.0335,36.239],[-118.9924,36.239],[-118.9925,36.2111],[-119.0104,36.2111],[-119.0103,36.1967],[-119.0329,36.1963],[-119.033,36.2072],[-119.0421,36.2071],[-119.0419,36.2],[-119.0464,36.1999],[-119.0449,36.1347],[-119.036,36.1347],[-119.0359,36.1309],[-119.0449,36.1309],[-119.0449,36.1236],[-119.0179,36.1236],[-119.0181,36.1164],[-119.0271,36.1133],[-119.0269,36.1094],[-119.0019,36.1095],[-119.0088,36.1038],[-119.0087,36.0852],[-118.9774,36.0803],[-118.9775,36.0733],[-118.9661,36.0714],[-118.9683,36.066],[-118.9628,36.0613],[-118.9493,36.0587],[-118.9446,36.0505],[-118.9371,36.0509],[-118.9501,36.0443],[-118.9643,36.048],[-118.9776,36.0439],[-118.9777,36.0332],[-118.9909,36.0332],[-118.9822,36.0296],[-118.9822,36.0223],[-118.9911,36.0223],[-118.9909,36.0296],[-118.9996,36.0295],[-119.0002,35.9714],[-118.9673,35.9714],[-118.9643,35.9498],[-118.9644,35.946],[-118.9733,35.946],[-118.9755,35.9206],[-119.0002,35.9207],[-119.0001,35.8593],[-118.9812,35.8447],[-118.9623,35.8379],[-118.9944,35.8272],[-118.9897,35.8211],[-118.9818,35.8207],[-118.9847,35.8092],[-118.9906,35.8092],[-118.9928,35.7979],[-118.9969,35.798],[-118.9807,35.7907],[-119.0534,35.7908],[-119.0528,35.75],[-119.0649,35.7186],[-119.063,35.699],[-119.0847,35.6349],[-119.0876,35.6025],[-119.0685,35.6024],[-119.0655,35.5906],[-119.036,35.602],[-119.0238,35.532],[-118.9934,35.5017],[-118.976,35.4993],[-118.9783,35.4875],[-118.9653,35.4747],[-118.9584,35.478],[-118.9578,35.4415],[-118.9497,35.4413],[-118.9498,35.4324],[-118.9588,35.4252],[-118.9463,35.4314],[-118.9485,35.4212],[-118.9326,35.4232],[-118.9142,35.4125],[-118.9132,35.3969],[-118.9498,35.3962],[-118.9497,35.3832],[-118.938,35.3833],[-118.9378,35.3796],[-118.9265,35.3856],[-118.9135,35.3803],[-118.8964,35.3836],[-118.8964,35.3617],[-118.862,35.362],[-118.8439,35.3744],[-118.8432,35.3382],[-118.8027,35.3279],[-118.7686,35.2993],[-118.7527,35.2924],[-118.7526,35.2094],[-118.8063,35.2092],[-118.8059,35.1805],[-118.8151,35.1803],[-118.8152,35.1912],[-118.824,35.191],[-118.8237,35.1656],[-118.8421,35.1655],[-118.8781,35.1654],[-118.8781,35.1942],[-118.9335,35.1939],[-118.9322,35.2087],[-118.95,35.2087],[-118.9498,35.194],[-118.9676,35.194],[-118.9684,35.1797],[-118.9769,35.1792],[-118.977,35.1541],[-118.9962,35.1466],[-119.0036,35.1701],[-119.0031,35.2596],[-119.0212,35.262],[-119.0205,35.2571],[-119.039,35.2598],[-119.0434,35.2561],[-119.0434,35.2669],[-119.0526,35.267],[-119.0505,35.2814],[-119.0744,35.2816],[-119.0745,35.296],[-119.0922,35.2961],[-119.0922,35.3108],[-119.0744,35.3107],[-119.0745,35.3347],[-119.0608,35.3382],[-119.0583,35.3631],[-119.0407,35.3685],[-119.0029,35.3684],[-119.0039,35.3792],[-119.0192,35.3872],[-119.0187,35.3962],[-119.0029,35.3975],[-119.0054,35.4018],[-118.9986,35.406],[-118.9987,35.4122],[-119.0076,35.4123],[-119.0044,35.42],[-119.0128,35.4194],[-119.0123,35.4268],[-119.0012,35.436],[-119.0052,35.4413],[-119.0166,35.4414],[-119.0192,35.4564],[-119.0268,35.4592],[-119.026,35.4633],[-119.0472,35.4586],[-119.0747,35.4739],[-119.0766,35.4995],[-119.2427,35.4997],[-119.2435,35.4416],[-119.6805,35.4412],[-119.6799,35.4448],[-119.6904,35.4452],[-119.6941,35.4451],[-119.6916,35.441],[-119.791,35.4409],[-119.7965,35.4411],[-119.7961,35.4552],[-119.8055,35.4557],[-119.8004,35.4509],[-119.8065,35.4474],[-119.8349,35.4482],[-119.8334,35.4447],[-119.8409,35.4473],[-119.8503,35.4434],[-119.858,35.451],[-119.8659,35.4489],[-119.8784,35.4398],[-119.8712,35.4347],[-119.8768,35.4314],[-119.88,35.4391],[-119.9931,35.4395],[-119.9974,35.4687],[-120.0151,35.4688],[-120.0143,35.4834],[-120.0329,35.4835],[-120.033,35.4983],[-120.0509,35.4982],[-120.051,35.5131],[-120.069,35.5129],[-120.0688,35.5266],[-120.0868,35.5264],[-120.0862,35.6144],[-120.194,35.6144],[-120.1944,35.7894],[-120.2158,35.7901],[-120.2199,35.8189],[-120.2445,35.824],[-120.2593,35.8451],[-120.2563,35.8554],[-120.2402,35.8659],[-120.2489,35.8838],[-120.2769,35.9065],[-120.314,35.9075],[-120.3151,35.9072]]]]}},{"type":"Feature","properties":{"d":17},"geometry":{"type":"MultiPolygon","coordinates":[[[[-122.3177,37.1869],[-122.2427,37.19],[-122.2426,37.2151],[-122.1528,37.2154],[-122.1523,37.2861],[-122.1505,37.2759],[-122.1317,37.2609],[-122.1216,37.2586],[-122.1042,37.2343],[-122.0916,37.2246],[-122.079,37.2231],[-122.0658,37.2104],[-122.0551,37.2125],[-122.0408,37.1952],[-122.0307,37.19],[-122.0262,37.1669],[-122.0025,37.1583],[-121.9911,37.1443],[-121.9727,37.1417],[-121.9574,37.1306],[-121.929,37.1234],[-121.8909,37.1053],[-121.86,37.1042],[-121.8619,37.0993],[-121.8491,37.099],[-121.8182,37.0837],[-121.8091,37.0693],[-121.786,37.062],[-121.7753,37.053],[-121.7634,37.052],[-121.762,37.0478],[-121.7555,37.049],[-121.7398,37.0277],[-121.7261,37.0213],[-121.7313,37.0224],[-121.7362,37.0153],[-121.7188,37.0076],[-121.7298,36.9936],[-121.7387,36.99],[-121.7179,36.9956],[-121.7052,36.9862],[-121.6954,36.9851],[-121.6978,36.9721],[-121.6648,36.9637],[-121.6633,36.9519],[-121.654,36.9506],[-121.6458,36.9323],[-121.6371,36.9391],[-121.6248,36.9405],[-121.6072,36.9261],[-121.5904,36.9262],[-121.5902,36.9193],[-121.5812,36.9193],[-121.5814,36.8992],[-121.5757,36.893],[-121.5603,36.8971],[-121.5585,36.9105],[-121.5403,36.9205],[-121.5392,36.9273],[-121.5138,36.9452],[-121.5124,36.9588],[-121.4889,36.9831],[-121.4679,36.9768],[-121.4636,36.9783],[-121.4637,36.9849],[-121.4506,36.9889],[-121.4182,36.9605],[-121.2145,36.9612],[-121.2118,36.9571],[-121.2292,36.941],[-121.2343,36.9261],[-121.2242,36.9199],[-121.2217,36.9104],[-121.1983,36.9143],[-121.1843,36.909],[-121.1843,36.8964],[-121.1691,36.885],[-121.1636,36.8692],[-121.1526,36.8654],[-121.1415,36.8367],[-120.9311,36.75],[-120.6037,36.4882],[-120.5972,36.4882],[-120.5966,36.3285],[-120.6179,36.3188],[-120.6588,36.3162],[-120.6828,36.2943],[-120.6829,36.2868],[-120.6726,36.2805],[-120.6804,36.2671],[-120.673,36.2577],[-120.6815,36.252],[-120.6797,36.2467],[-120.6517,36.2307],[-120.6269,36.2032],[-120.6392,36.1965],[-120.6447,36.1792],[-120.652,36.1741],[-120.6499,36.168],[-120.6631,36.1712],[-120.6642,36.1657],[-120.672,36.1643],[-120.6647,36.1473],[-120.6676,36.1381],[-120.6565,36.1326],[-120.6532,36.1188],[-120.6454,36.1162],[-120.6488,36.108],[-120.6419,36.1013],[-120.6336,36.1033],[-120.6152,36.0952],[-120.608,36.1027],[-120.6006,36.1016],[-120.5898,36.0896],[-120.5961,36.0782],[-120.5882,36.0669],[-120.5666,36.0529],[-120.5454,36.0461],[-120.5404,36.0367],[-120.527,36.0357],[-120.5298,36.0243],[-120.52,36.0209],[-120.5176,36.0275],[-120.4793,36.0107],[-120.4774,36.0008],[-120.4497,35.9884],[-120.4331,35.9689],[-120.4085,35.976],[-120.394,35.9679],[-120.3604,35.9644],[-120.3625,35.9594],[-120.3565,35.9481],[-120.336,35.9372],[-120.3367,35.9236],[-120.3229,35.9078],[-120.2769,35.9065],[-120.2489,35.8838],[-120.2402,35.8659],[-120.2563,35.8554],[-120.2593,35.8451],[-120.2445,35.824],[-120.2199,35.8189],[-120.2158,35.7901],[-120.1944,35.7894],[-120.194,35.6144],[-120.0862,35.6144],[-120.0868,35.5264],[-120.0688,35.5266],[-120.069,35.5129],[-120.051,35.5131],[-120.0509,35.4982],[-120.033,35.4983],[-120.0329,35.4835],[-120.0143,35.4834],[-120.0151,35.4688],[-119.9974,35.4687],[-119.9931,35.4395],[-119.88,35.4391],[-119.8804,35.3511],[-119.8622,35.3497],[-119.8738,35.3484],[-119.8742,35.3438],[-119.8807,35.3476],[-119.9137,35.3426],[-119.9251,35.3512],[-120.0403,35.3516],[-120.0406,35.366],[-120.1121,35.3666],[-120.1121,35.3799],[-120.125,35.3827],[-120.1865,35.3813],[-120.2125,35.3611],[-120.2518,35.3551],[-120.2677,35.3555],[-120.2645,35.3678],[-120.271,35.3712],[-120.3312,35.3658],[-120.3257,35.3692],[-120.3989,35.3675],[-120.4012,35.3637],[-120.4031,35.3673],[-120.4435,35.3667],[-120.4965,35.3478],[-120.5206,35.3439],[-120.553,35.312],[-120.5791,35.3239],[-120.5967,35.3205],[-120.5959,35.2797],[-120.5891,35.2797],[-120.6009,35.2715],[-120.5825,35.2526],[-120.5958,35.2175],[-120.5871,35.2106],[-120.6052,35.2066],[-120.6129,35.1866],[-120.6182,35.1857],[-120.6296,35.1655],[-120.6003,35.1416],[-120.5911,35.1468],[-120.5832,35.1405],[-120.5782,35.142],[-120.5807,35.1391],[-120.5723,35.1343],[-120.5667,35.1399],[-120.5678,35.1368],[-120.5513,35.1273],[-120.5803,35.1018],[-120.5866,35.1054],[-120.5732,35.1093],[-120.5807,35.1127],[-120.5885,35.1109],[-120.5878,35.106],[-120.6022,35.1042],[-120.6095,35.1155],[-120.6068,35.1295],[-120.6193,35.1344],[-120.6386,35.129],[-120.637,35.1217],[-120.6401,35.1284],[-120.6881,35.1144],[-120.706,35.127],[-120.7179,35.1092],[-120.7255,35.1136],[-120.7463,35.1093],[-120.7911,35.1139],[-120.822,35.1314],[-120.8569,35.1428],[-120.9053,35.1772],[-120.9439,35.2138],[-120.9613,35.25],[-120.9533,35.2848],[-120.9234,35.3484],[-120.9308,35.375],[-120.9283,35.3868],[-120.9333,35.3927],[-120.9597,35.3965],[-120.9896,35.4111],[-121.015,35.4106],[-121.0416,35.42],[-121.1511,35.5164],[-121.1778,35.5613],[-121.2016,35.5837],[-121.2201,35.5869],[-121.2466,35.6004],[-121.286,35.6084],[-121.3235,35.625],[-121.3396,35.6424],[-121.3477,35.665],[-121.3664,35.6804],[-121.379,35.706],[-121.3793,35.727],[-121.3937,35.75],[-121.3935,35.7634],[-121.4285,35.7859],[-121.4561,35.8177],[-121.501,35.8427],[-121.532,35.8848],[-121.5615,35.9438],[-121.5893,35.9593],[-121.6204,35.9691],[-121.6318,35.9789],[-121.6482,35.9986],[-121.6744,36.0647],[-121.7278,36.129],[-121.7707,36.162],[-121.8024,36.1783],[-121.8464,36.1903],[-121.8802,36.2103],[-121.9012,36.2397],[-121.9442,36.2696],[-121.9577,36.2851],[-121.9719,36.3578],[-121.9704,36.3834],[-121.981,36.4196],[-121.9971,36.441],[-121.9995,36.4665],[-122.009,36.4753],[-122.022,36.5089],[-122.0175,36.5374],[-122.0375,36.5604],[-122.044,36.5782],[-122.0407,36.6001],[-122.0011,36.6477],[-122.0764,36.9102],[-122.1306,36.9253],[-122.172,36.9427],[-122.261,36.9935],[-122.2764,37.0248],[-122.2903,37.0321],[-122.3139,37.0548],[-122.2894,37.1135],[-122.3118,37.1475],[-122.3173,37.1843],[-122.3177,37.1869]]]]}},{"type":"Feature","properties":{"d":18},"geometry":{"type":"MultiPolygon","coordinates":[[[[-117.2225,32.6195],[-117.1929,32.6186],[-117.1931,32.586],[-117.1218,32.589],[-117.1145,32.5933],[-117.1333,32.676],[-117.1732,32.7017],[-117.1473,32.7052],[-117.1478,32.7193],[-117.1339,32.7194],[-117.1339,32.7296],[-117.1253,32.7296],[-117.1251,32.7356],[-117.1188,32.7356],[-117.1202,32.7398],[-117.1164,32.7408],[-117.1032,32.7257],[-117.0944,32.6896],[-117.0654,32.6914],[-117.0647,32.6838],[-117.0728,32.6816],[-117.0654,32.6624],[-117.0417,32.6715],[-117.0171,32.6917],[-117.0162,32.6744],[-117.0001,32.6789],[-116.9939,32.6877],[-116.9594,32.7048],[-116.9347,32.7416],[-116.9206,32.7416],[-116.9039,32.7556],[-116.8818,32.7655],[-116.8784,32.7708],[-116.8838,32.7823],[-116.8701,32.7732],[-116.854,32.7758],[-116.8479,32.7639],[-116.8374,32.7645],[-116.8465,32.7599],[-116.8447,32.7575],[-116.8152,32.7583],[-116.8158,32.7492],[-116.8088,32.7428],[-116.7729,32.7548],[-116.7525,32.7424],[-116.7338,32.7437],[-116.7392,32.7442],[-116.7399,32.7511],[-116.7529,32.7499],[-116.7551,32.7537],[-116.7349,32.7592],[-116.7361,32.7751],[-116.7187,32.7731],[-116.7152,32.7786],[-116.6997,32.7706],[-116.7031,32.7676],[-116.6948,32.7612],[-116.6683,32.7491],[-116.6824,32.7281],[-116.6202,32.7314],[-116.6193,32.7362],[-116.6269,32.7439],[-116.62,32.7596],[-116.6098,32.7645],[-116.6115,32.7699],[-116.5886,32.7727],[-116.5725,32.7637],[-116.571,32.7698],[-116.547,32.7778],[-116.5277,32.744],[-116.5156,32.7435],[-116.5152,32.7581],[-116.5079,32.7606],[-116.5097,32.7558],[-116.5039,32.7501],[-116.4951,32.7486],[-116.4924,32.7577],[-116.4837,32.7606],[-116.4797,32.7333],[-116.4554,32.7334],[-116.4514,32.7472],[-116.4393,32.7552],[-116.4391,32.7717],[-116.435,32.7766],[-116.4303,32.7704],[-116.4231,32.7757],[-116.421,32.798],[-116.4074,32.8142],[-116.4027,32.7979],[-116.3917,32.7913],[-116.383,32.815],[-116.3429,32.8155],[-116.3383,32.8002],[-116.3264,32.8002],[-116.3297,32.7954],[-116.3123,32.8016],[-116.3092,32.809],[-116.324,32.8112],[-116.3225,32.815],[-116.3095,32.8151],[-116.309,32.8294],[-116.2201,32.8288],[-116.2202,32.8141],[-116.1301,32.8158],[-116.104,32.8034],[-116.1033,33.0747],[-116.0811,33.0748],[-116.0852,33.4259],[-116.267,33.4281],[-116.2675,33.5257],[-116.2847,33.5256],[-116.2848,33.54],[-116.2157,33.5403],[-116.2157,33.5636],[-116.2503,33.5633],[-116.2503,33.5983],[-116.2334,33.5982],[-116.229,33.6165],[-116.2247,33.6165],[-116.2247,33.6201],[-116.2334,33.6192],[-116.2339,33.671],[-116.2513,33.671],[-116.2513,33.6854],[-116.2687,33.6854],[-116.2716,33.7028],[-116.2644,33.7147],[-116.2775,33.7146],[-116.2775,33.7219],[-116.2688,33.722],[-116.2684,33.7437],[-116.2652,33.7443],[-116.3018,33.7595],[-116.3012,33.8039],[-116.3269,33.8162],[-116.3067,33.836],[-116.3108,33.8492],[-116.3018,33.8756],[-116.2812,33.8657],[-116.2681,33.8775],[-116.2621,33.893],[-116.2206,33.8716],[-116.2153,33.8609],[-116.2,33.8614],[-116.2018,33.854],[-116.2137,33.8461],[-116.2138,33.8226],[-116.1861,33.8004],[-116.1643,33.7479],[-116.1642,33.7268],[-116.1542,33.7149],[-116.1295,33.715],[-116.1295,33.7298],[-116.0782,33.7298],[-116.0782,33.7007],[-115.9962,33.6797],[-115.9736,33.6803],[-115.8879,33.6656],[-115.7235,33.6602],[-115.5793,33.6743],[-115.4522,33.7023],[-115.4514,33.7223],[-115.4208,33.7287],[-115.4157,33.7563],[-115.3966,33.7674],[-115.3966,33.7726],[-115.3232,33.7777],[-115.2559,33.8383],[-115.2325,34.0362],[-115.1923,34.0637],[-115.1361,34.0797],[-115.0923,34.0798],[-115.1146,34.0878],[-115.1262,34.1076],[-115.1458,34.1209],[-115.1372,34.13],[-115.1401,34.1336],[-115.1339,34.1335],[-115.1171,34.1464],[-115.122,34.1579],[-115.1058,34.2427],[-115.1507,34.2656],[-115.1496,34.276],[-115.166,34.2766],[-115.1288,34.2792],[-115.1018,34.2598],[-115.0667,34.4115],[-115.0884,34.4179],[-115.0572,34.4889],[-115.0485,34.4906],[-115.0475,34.4947],[-115.0536,34.493],[-115.067,34.505],[-115.0847,34.5287],[-115.1137,34.5438],[-115.1599,34.5443],[-115.1182,34.591],[-115.1179,34.6001],[-115.1248,34.6049],[-115.1246,34.6125],[-115.1391,34.6116],[-115.1559,34.6252],[-115.1633,34.624],[-115.1679,34.6553],[-115.1803,34.6692],[-115.136,34.6803],[-115.0299,34.683],[-115.0225,34.6931],[-115.0017,34.6914],[-114.9879,34.7511],[-115.0109,34.7392],[-114.9893,34.8372],[-114.9663,34.8434],[-115.0267,34.8294],[-115.051,34.83],[-115.0591,34.8618],[-115.0627,34.9191],[-115.0739,34.9164],[-115.0737,34.9256],[-115.0597,34.9292],[-115.0547,34.9216],[-114.9844,34.9187],[-114.9778,35.0427],[-114.9567,35.0508],[-114.9476,35.2548],[-114.6335,35.0019],[-114.6291,34.9861],[-114.6352,34.9651],[-114.6298,34.943],[-114.6309,34.9073],[-114.6367,34.8891],[-114.6344,34.8729],[-114.6239,34.8597],[-114.5868,34.8357],[-114.571,34.7943],[-114.5527,34.7669],[-114.5166,34.7367],[-114.492,34.7257],[-114.4875,34.7166],[-114.4705,34.7114],[-114.4652,34.6912],[-114.4505,34.6668],[-114.458,34.6571],[-114.4415,34.6425],[-114.4387,34.6215],[-114.4242,34.6105],[-114.4253,34.6008],[-114.4368,34.5961],[-114.4052,34.5696],[-114.3808,34.5297],[-114.3781,34.5073],[-114.3867,34.4579],[-114.3737,34.4469],[-114.3354,34.45],[-114.3261,34.4373],[-114.2948,34.4214],[-114.2887,34.4066],[-114.2643,34.4013],[-114.2261,34.3659],[-114.1995,34.3614],[-114.1769,34.3493],[-114.1572,34.3179],[-114.1383,34.3032],[-114.1367,34.2744],[-114.1312,34.2627],[-114.1355,34.2579],[-114.1646,34.2597],[-114.1661,34.25],[-114.1746,34.2473],[-114.178,34.24],[-114.2252,34.2036],[-114.2297,34.1869],[-114.257,34.1728],[-114.2873,34.1705],[-114.3208,34.1386],[-114.353,34.1331],[-114.3665,34.1186],[-114.3906,34.1101],[-114.4117,34.11],[-114.4342,34.0874],[-114.4393,34.0579],[-114.4349,34.0378],[-114.4383,34.0226],[-114.4502,34.0126],[-114.4659,34.011],[-114.4673,34.0052],[-114.4592,34.0],[-114.4593,33.9947],[-114.4679,33.9929],[-114.4999,33.9618],[-114.5227,33.955],[-114.5357,33.9336],[-114.535,33.9257],[-114.5184,33.9175],[-114.5079,33.9038],[-114.5137,33.898],[-114.5259,33.901],[-114.5228,33.8926],[-114.5043,33.8769],[-114.503,33.868],[-114.5147,33.8586],[-114.5299,33.8576],[-114.52,33.8254],[-114.528,33.815],[-114.5049,33.7605],[-114.5123,33.7342],[-114.4966,33.7192],[-114.4942,33.7079],[-114.4965,33.6969],[-114.524,33.6859],[-114.5315,33.6751],[-114.5303,33.6668],[-114.5141,33.6602],[-114.5332,33.6517],[-114.5238,33.6347],[-114.5312,33.6239],[-114.5218,33.6125],[-114.5406,33.5914],[-114.5368,33.571],[-114.5242,33.5531],[-114.5589,33.5318],[-114.561,33.5167],[-114.5695,33.5092],[-114.5924,33.4987],[-114.6229,33.4566],[-114.6296,33.4281],[-114.6433,33.4167],[-114.6567,33.4128],[-114.6737,33.4192],[-114.688,33.4179],[-114.7018,33.4084],[-114.7253,33.405],[-114.7073,33.3825],[-114.698,33.3524],[-114.7079,33.3233],[-114.7312,33.3024],[-114.7217,33.287],[-114.6805,33.2736],[-114.6721,33.2585],[-114.6895,33.2464],[-114.6736,33.2231],[-114.6787,33.2034],[-114.6754,33.1855],[-114.6799,33.1591],[-114.7037,33.1138],[-114.7065,33.0882],[-114.689,33.084],[-114.687,33.071],[-114.6743,33.0572],[-114.6737,33.0419],[-114.6651,33.0339],[-114.6578,33.0338],[-114.646,33.0489],[-114.6188,33.0272],[-114.5898,33.0262],[-114.5752,33.0365],[-114.5201,33.03],[-114.5029,33.0112],[-114.4929,32.9718],[-114.4754,32.9752],[-114.4686,32.9716],[-114.4681,32.9553],[-114.4809,32.9363],[-114.4766,32.9236],[-114.4629,32.9079],[-114.469,32.8452],[-114.4941,32.8233],[-114.5103,32.8165],[-114.5296,32.7955],[-114.5324,32.7769],[-114.5269,32.7571],[-114.5391,32.7569],[-114.5392,32.7498],[-114.5644,32.7496],[-114.5645,32.7423],[-114.5817,32.7423],[-114.5818,32.7349],[-114.6151,32.7345],[-114.6174,32.7283],[-114.6882,32.7375],[-114.7016,32.7456],[-114.7195,32.7187],[-115.8861,32.6355],[-117.2049,32.5288],[-117.2193,32.6126],[-117.2225,32.6195]]]]}},{"type":"Feature","properties":{"d":19},"geometry":{"type":"MultiPolygon","coordinates":[[[[-117.6674,34.8158],[-117.6673,34.8225],[-117.6322,34.8223],[-117.6337,35.4345],[-117.6297,35.4662],[-117.6343,35.6516],[-117.6165,35.6516],[-117.6165,35.6807],[-117.6522,35.6808],[-117.6521,35.7099],[-117.6343,35.7098],[-117.6343,35.7973],[-115.7359,35.7936],[-115.7357,35.8091],[-115.6484,35.8092],[-114.9476,35.2548],[-114.9567,35.0508],[-114.9778,35.0427],[-114.9844,34.9187],[-115.0547,34.9216],[-115.0597,34.9292],[-115.0737,34.9256],[-115.0739,34.9164],[-115.0627,34.9191],[-115.0591,34.8618],[-115.051,34.83],[-115.0267,34.8294],[-114.9663,34.8434],[-114.9893,34.8372],[-115.0109,34.7392],[-114.9879,34.7511],[-115.0017,34.6914],[-115.0225,34.6931],[-115.0299,34.683],[-115.136,34.6803],[-115.1803,34.6692],[-115.1679,34.6553],[-115.1633,34.624],[-115.1559,34.6252],[-115.1391,34.6116],[-115.1246,34.6125],[-115.1248,34.6049],[-115.1179,34.6001],[-115.1182,34.591],[-115.1599,34.5443],[-115.1137,34.5438],[-115.0847,34.5287],[-115.067,34.505],[-115.0536,34.493],[-115.0475,34.4947],[-115.0485,34.4906],[-115.0572,34.4889],[-115.0884,34.4179],[-115.0667,34.4115],[-115.1018,34.2598],[-115.1288,34.2792],[-115.166,34.2766],[-115.1496,34.276],[-115.1507,34.2656],[-115.1058,34.2427],[-115.122,34.1579],[-115.1171,34.1464],[-115.1339,34.1335],[-115.1401,34.1336],[-115.1372,34.13],[-115.1458,34.1209],[-115.1262,34.1076],[-115.1146,34.0878],[-115.0923,34.0798],[-115.1361,34.0797],[-115.1923,34.0637],[-115.2328,34.0358],[-115.2558,33.8385],[-115.2847,33.8094],[-115.3232,33.7777],[-115.3966,33.7726],[-115.3966,33.7674],[-115.4157,33.7563],[-115.4208,33.7287],[-115.4514,33.7223],[-115.4522,33.7023],[-115.5808,33.674],[-115.7235,33.6602],[-115.8868,33.6655],[-115.9736,33.6803],[-115.9962,33.6797],[-116.0782,33.7007],[-116.0782,33.7298],[-116.1295,33.7298],[-116.1295,33.715],[-116.1542,33.7149],[-116.1642,33.7268],[-116.1643,33.7479],[-116.1861,33.8004],[-116.2138,33.8226],[-116.2137,33.8461],[-116.2018,33.854],[-116.2,33.8614],[-116.2153,33.8609],[-116.2206,33.8716],[-116.2621,33.893],[-116.2681,33.8775],[-116.2812,33.8657],[-116.3018,33.8756],[-116.3108,33.8492],[-116.3067,33.836],[-116.3269,33.8162],[-116.3012,33.8039],[-116.3018,33.7595],[-116.2652,33.7443],[-116.2684,33.7437],[-116.2688,33.722],[-116.2775,33.7219],[-116.2775,33.7146],[-116.2644,33.7147],[-116.2716,33.7028],[-116.2687,33.6854],[-116.2513,33.6854],[-116.2513,33.671],[-116.2339,33.671],[-116.2334,33.6192],[-116.2247,33.6201],[-116.2247,33.6165],[-116.229,33.6165],[-116.2334,33.5982],[-116.2503,33.5983],[-116.2503,33.5837],[-116.2849,33.584],[-116.285,33.5981],[-116.268,33.5981],[-116.2681,33.6127],[-116.3215,33.6126],[-116.3215,33.6707],[-116.3757,33.6707],[-116.3821,33.6849],[-116.3909,33.6849],[-116.3894,33.6745],[-116.3909,33.6779],[-116.406,33.6777],[-116.4079,33.6709],[-116.4254,33.6705],[-116.4254,33.685],[-116.408,33.685],[-116.4079,33.6913],[-116.4081,33.6996],[-116.4254,33.6996],[-116.4255,33.7141],[-116.46,33.7136],[-116.4607,33.6559],[-116.4428,33.6561],[-116.443,33.6418],[-116.4601,33.6419],[-116.4606,33.6127],[-116.4774,33.6127],[-116.4775,33.6266],[-116.4948,33.627],[-116.495,33.656],[-116.5121,33.6559],[-116.5125,33.6853],[-116.6144,33.6847],[-116.6143,33.7722],[-116.653,33.773],[-116.6631,33.7643],[-116.6674,33.7726],[-116.7021,33.7746],[-116.7028,33.7628],[-116.7154,33.7591],[-116.7118,33.7663],[-116.72,33.7695],[-116.7191,33.7817],[-116.7361,33.7764],[-116.7409,33.7706],[-116.7381,33.7649],[-116.7584,33.7558],[-116.7595,33.7468],[-116.7639,33.745],[-116.7468,33.731],[-116.7413,33.7323],[-116.7601,33.7258],[-116.7713,33.7092],[-116.8004,33.7214],[-116.8155,33.7359],[-116.848,33.7409],[-116.8415,33.7288],[-116.8758,33.7295],[-116.8933,33.7348],[-116.8933,33.7298],[-116.9221,33.7306],[-116.9273,33.7117],[-116.963,33.7147],[-116.9597,33.7131],[-116.9629,33.703],[-116.9541,33.7031],[-116.9539,33.6927],[-116.9625,33.6858],[-116.9769,33.6857],[-116.9747,33.6817],[-116.9843,33.6784],[-116.9845,33.6712],[-116.9886,33.6712],[-116.9886,33.6854],[-116.9978,33.7013],[-117.002,33.6984],[-117.0029,33.7063],[-117.0111,33.7007],[-117.0199,33.7038],[-117.0209,33.7084],[-117.0278,33.7079],[-117.0399,33.6996],[-117.05,33.6986],[-117.0501,33.7292],[-117.0433,33.7328],[-117.0392,33.7439],[-117.069,33.7438],[-117.0677,33.7583],[-117.0505,33.7583],[-117.0502,33.7511],[-117.0361,33.7511],[-117.0333,33.7729],[-116.9719,33.7729],[-116.9718,33.7681],[-116.9631,33.7694],[-116.9631,33.7587],[-116.9509,33.764],[-116.9406,33.7513],[-116.9381,33.7552],[-116.933,33.7535],[-116.9279,33.7563],[-116.9333,33.7623],[-116.9176,33.7651],[-116.9326,33.7804],[-116.9224,33.7861],[-116.927,33.7908],[-116.9194,33.8021],[-116.9296,33.7982],[-116.9446,33.8043],[-116.9501,33.7948],[-116.9546,33.7949],[-116.953,33.7894],[-116.9589,33.7895],[-116.959,33.8014],[-116.9546,33.802],[-116.9583,33.8093],[-116.946,33.8166],[-116.9547,33.8166],[-116.9547,33.8238],[-116.9666,33.8238],[-116.9614,33.8121],[-116.9721,33.8121],[-116.9736,33.8217],[-117.0102,33.8369],[-117.0224,33.8322],[-117.0224,33.8235],[-117.0338,33.8235],[-117.0594,33.8383],[-117.0598,33.815],[-117.0662,33.8229],[-117.066,33.8164],[-117.0911,33.8174],[-117.0991,33.8217],[-117.1064,33.8179],[-117.1012,33.8399],[-117.1427,33.8414],[-117.1728,33.8266],[-117.1922,33.8431],[-117.2044,33.8446],[-117.2044,33.8591],[-117.1694,33.875],[-117.1746,33.8925],[-117.1577,33.8946],[-117.1468,33.9045],[-117.1464,33.8964],[-117.1297,33.8893],[-117.1298,33.8956],[-117.1211,33.8957],[-117.1198,33.9031],[-117.1023,33.9032],[-117.1023,33.8985],[-117.0883,33.9043],[-117.1018,33.9185],[-117.1148,33.9195],[-117.1269,33.9379],[-117.139,33.939],[-117.1389,33.9502],[-117.1477,33.9538],[-117.1476,33.9613],[-117.1585,33.9613],[-117.165,33.9682],[-117.1652,33.9612],[-117.2178,33.9613],[-117.2178,33.9683],[-117.2265,33.967],[-117.2253,33.9823],[-117.2615,33.9828],[-117.2621,33.9878],[-117.2666,33.9857],[-117.2797,33.9976],[-117.2817,33.9952],[-117.2902,34.0057],[-117.2744,34.0106],[-117.2823,34.0114],[-117.2833,34.019],[-117.3399,34.0194],[-117.3312,34.0457],[-117.3263,34.0433],[-117.3009,34.0523],[-117.2899,34.0494],[-117.2738,34.053],[-117.2694,34.0639],[-117.2506,34.0667],[-117.2046,34.0667],[-117.1764,34.0612],[-117.1634,34.0546],[-117.1525,34.0386],[-117.1388,34.0333],[-117.1345,34.0991],[-117.1824,34.099],[-117.1829,34.1058],[-117.1955,34.1212],[-117.1825,34.1212],[-117.1869,34.1357],[-117.1806,34.1324],[-117.1825,34.1357],[-117.1726,34.1367],[-117.1651,34.146],[-117.1736,34.1428],[-117.1736,34.1499],[-117.2,34.1465],[-117.1998,34.1574],[-117.2088,34.1573],[-117.2088,34.1643],[-117.2438,34.1651],[-117.2438,34.1704],[-117.2622,34.1679],[-117.2614,34.1758],[-117.2657,34.1793],[-117.2613,34.1829],[-117.2265,34.179],[-117.2262,34.1935],[-117.2698,34.19],[-117.279,34.208],[-117.2875,34.2114],[-117.2876,34.201],[-117.2831,34.2011],[-117.2788,34.191],[-117.2963,34.1908],[-117.2973,34.1839],[-117.3097,34.1892],[-117.3049,34.2008],[-117.3136,34.2009],[-117.3223,34.1942],[-117.3316,34.2009],[-117.3267,34.2187],[-117.3216,34.2216],[-117.3351,34.2224],[-117.3344,34.2301],[-117.3482,34.2265],[-117.3482,34.2229],[-117.3354,34.2191],[-117.3357,34.2084],[-117.3482,34.2084],[-117.357,34.2156],[-117.3726,34.2134],[-117.3794,34.2237],[-117.3882,34.2203],[-117.3864,34.2293],[-117.3953,34.2286],[-117.3998,34.2209],[-117.4094,34.2251],[-117.4484,34.2538],[-117.4525,34.2916],[-117.4751,34.3118],[-117.4426,34.3302],[-117.434,34.325],[-117.4159,34.3251],[-117.4161,34.3182],[-117.3984,34.3181],[-117.3985,34.3108],[-117.3808,34.311],[-117.3853,34.3036],[-117.3635,34.3036],[-117.3634,34.3108],[-117.3296,34.3075],[-117.3201,34.3112],[-117.3072,34.3075],[-117.259,34.311],[-117.2588,34.326],[-117.2504,34.3257],[-117.25,34.3404],[-117.2417,34.3405],[-117.245,34.3543],[-117.2382,34.435],[-117.242,34.4349],[-117.2466,34.4531],[-117.2551,34.4569],[-117.2521,34.4895],[-117.26,34.5106],[-117.2874,34.5335],[-117.2822,34.5359],[-117.2819,34.5659],[-117.26,34.5906],[-117.2689,34.5863],[-117.3258,34.5863],[-117.3257,34.5936],[-117.3319,34.5936],[-117.332,34.5823],[-117.3231,34.5743],[-117.3344,34.5764],[-117.3344,34.5851],[-117.3389,34.5851],[-117.3532,34.6084],[-117.3566,34.6447],[-117.3602,34.6478],[-117.3615,34.6598],[-117.3489,34.695],[-117.3518,34.7047],[-117.3428,34.7249],[-117.3529,34.7314],[-117.529,34.7236],[-117.54,34.7267],[-117.6139,34.7195],[-117.6142,34.7337],[-117.6672,34.7343],[-117.6674,34.8143],[-117.6674,34.8158]]]]}},{"type":"Feature","properties":{"d":20},"geometry":{"type":"MultiPolygon","coordinates":[[[[-118.6147,34.2195],[-118.6059,34.2197],[-118.6051,34.2354],[-118.5766,34.2318],[-118.5273,34.2355],[-118.5273,34.2209],[-118.4989,34.2207],[-118.4961,34.2357],[-118.4729,34.2356],[-118.4722,34.2501],[-118.4817,34.2501],[-118.4816,34.2637],[-118.472,34.2659],[-118.4678,34.2912],[-118.5083,34.3339],[-118.5038,34.3373],[-118.4927,34.3306],[-118.419,34.3299],[-118.4208,34.3256],[-118.4159,34.3245],[-118.4136,34.3299],[-118.4052,34.3298],[-118.4039,34.3217],[-118.3969,34.3198],[-118.398,34.3514],[-118.4041,34.3528],[-118.3979,34.3537],[-118.3982,34.3691],[-118.4056,34.3807],[-118.3981,34.3818],[-118.3976,34.427],[-118.4042,34.4284],[-118.3923,34.4334],[-118.3822,34.4323],[-118.3662,34.4388],[-118.3627,34.4332],[-118.3513,34.4316],[-118.3341,34.4385],[-118.3326,34.4443],[-118.3326,34.4391],[-118.3398,34.4359],[-118.3257,34.4375],[-118.3257,34.3852],[-118.3181,34.3842],[-118.3157,34.3898],[-118.3018,34.3894],[-118.2852,34.3964],[-118.2695,34.3918],[-118.2699,34.3983],[-118.2633,34.3994],[-118.2532,34.3948],[-118.2551,34.392],[-118.2512,34.3935],[-118.2521,34.3828],[-118.2483,34.3796],[-118.2567,34.3752],[-118.2405,34.3746],[-118.2317,34.3796],[-118.213,34.3748],[-118.1897,34.3807],[-118.1897,34.3614],[-118.216,34.352],[-118.1895,34.3521],[-118.188,34.2936],[-118.1986,34.2813],[-118.2135,34.2782],[-118.2234,34.2672],[-118.2567,34.2672],[-118.2565,34.2523],[-118.2667,34.2508],[-118.2669,34.2218],[-118.2928,34.2217],[-118.2801,34.2075],[-118.28,34.1907],[-118.2978,34.1771],[-118.2969,34.1715],[-118.3129,34.154],[-118.3221,34.1557],[-118.3451,34.1426],[-118.3531,34.1613],[-118.3572,34.1613],[-118.3597,34.1849],[-118.3921,34.1867],[-118.3965,34.2085],[-118.4059,34.2064],[-118.4096,34.22],[-118.4232,34.2198],[-118.4313,34.1939],[-118.44,34.1939],[-118.44,34.1794],[-118.4695,34.1793],[-118.474,34.1866],[-118.5622,34.1866],[-118.5622,34.1903],[-118.571,34.1909],[-118.571,34.1857],[-118.5884,34.1883],[-118.5884,34.1938],[-118.6146,34.1937],[-118.6147,34.2186],[-118.6147,34.2195]]]]}},{"type":"Feature","properties":{"d":21},"geometry":{"type":"MultiPolygon","coordinates":[[[[-119.1172,33.5056],[-119.1042,33.5229],[-119.0765,33.5351],[-119.0307,33.5401],[-119.0009,33.5359],[-118.9821,33.5243],[-118.971,33.5107],[-118.9628,33.4852],[-118.9638,33.4668],[-118.9785,33.4311],[-118.9887,33.4234],[-119.027,33.4129],[-119.0719,33.4138],[-119.0941,33.4269],[-119.1038,33.4404],[-119.1097,33.4623],[-119.1072,33.5],[-119.1189,33.5],[-119.1172,33.5056]]],[[[-119.6361,33.2807],[-119.6259,33.305],[-119.5992,33.3233],[-119.5435,33.3342],[-119.5191,33.3337],[-119.43,33.301],[-119.3797,33.2676],[-119.3621,33.2452],[-119.3607,33.2215],[-119.3759,33.1922],[-119.3945,33.1808],[-119.445,33.1653],[-119.5102,33.1674],[-119.5742,33.1865],[-119.6053,33.2069],[-119.6278,33.2369],[-119.6363,33.273],[-119.6361,33.2807]]],[[[-120.5823,34.1075],[-120.5678,34.1356],[-120.5381,34.1503],[-120.4974,34.1499],[-120.4717,34.1341],[-120.4491,34.1506],[-120.4188,34.1606],[-120.3552,34.145],[-120.3386,34.1217],[-120.2847,34.0947],[-120.2716,34.0741],[-120.2528,34.058],[-120.2249,34.0613],[-120.1976,34.0581],[-120.1711,34.0733],[-120.135,34.0788],[-120.1029,34.0745],[-120.0803,34.0864],[-120.0452,34.0906],[-120.0102,34.084],[-119.9916,34.0649],[-119.9819,34.0894],[-119.9655,34.1126],[-119.9478,34.125],[-119.9288,34.1299],[-119.8292,34.1187],[-119.7926,34.1064],[-119.751,34.1126],[-119.693,34.0949],[-119.6549,34.0712],[-119.6143,34.0994],[-119.5574,34.1086],[-119.5121,34.0935],[-119.4678,34.0629],[-119.4373,34.0677],[-119.397,34.0638],[-119.3679,34.0704],[-119.3425,34.069],[-119.3121,34.0544],[-119.2976,34.0366],[-119.2931,34.0202],[-119.2962,33.9972],[-119.3116,33.98],[-119.3328,33.9677],[-119.3772,33.9544],[-119.433,33.9559],[-119.4726,33.9706],[-119.4923,33.9832],[-119.5122,33.9622],[-119.5389,33.9477],[-119.6021,33.9368],[-119.6367,33.9383],[-119.7075,33.9104],[-119.7728,33.9124],[-119.8102,33.9013],[-119.8344,33.9008],[-119.862,33.9108],[-119.9048,33.9397],[-119.9189,33.9144],[-119.9392,33.8986],[-119.9808,33.8923],[-120.001,33.8852],[-120.0278,33.8665],[-120.1173,33.8416],[-120.1496,33.848],[-120.2211,33.8842],[-120.2387,33.9041],[-120.2645,33.9189],[-120.2731,33.9296],[-120.28,33.9539],[-120.299,33.9685],[-120.3323,33.9684],[-120.3671,33.961],[-120.3956,33.9674],[-120.4118,33.977],[-120.4668,33.9761],[-120.4882,33.9843],[-120.5188,34.0141],[-120.5259,34.033],[-120.5234,34.0511],[-120.5594,34.0624],[-120.5738,34.076],[-120.5819,34.0986],[-120.5823,34.1075]]],[[[-120.7343,34.9048],[-120.7272,34.9233],[-120.7268,34.9438],[-120.7144,34.9635],[-120.6974,35.018],[-120.6878,35.0775],[-120.6896,35.0988],[-120.7179,35.1092],[-120.706,35.127],[-120.6881,35.1144],[-120.6401,35.1284],[-120.637,35.1217],[-120.6386,35.129],[-120.6193,35.1344],[-120.6068,35.1295],[-120.6095,35.1155],[-120.6022,35.1042],[-120.5878,35.106],[-120.5885,35.1109],[-120.5807,35.1127],[-120.5732,35.1093],[-120.5866,35.1054],[-120.5804,35.1018],[-120.5794,35.1063],[-120.5654,35.1109],[-120.5513,35.1273],[-120.5678,35.1368],[-120.5667,35.1399],[-120.5723,35.1343],[-120.5807,35.1391],[-120.5782,35.142],[-120.5832,35.1405],[-120.5911,35.1468],[-120.6003,35.1416],[-120.6296,35.1655],[-120.6182,35.1857],[-120.6129,35.1866],[-120.6052,35.2066],[-120.5871,35.2106],[-120.5958,35.2175],[-120.5825,35.2526],[-120.6009,35.2715],[-120.5891,35.2797],[-120.5959,35.2797],[-120.5967,35.3205],[-120.5791,35.3239],[-120.553,35.312],[-120.5206,35.3439],[-120.4965,35.3478],[-120.4435,35.3667],[-120.4031,35.3673],[-120.4012,35.3637],[-120.3989,35.3675],[-120.3257,35.3692],[-120.3312,35.3658],[-120.271,35.3712],[-120.2645,35.3678],[-120.2677,35.3555],[-120.2518,35.3551],[-120.2125,35.3611],[-120.1865,35.3813],[-120.125,35.3827],[-120.1121,35.3799],[-120.1121,35.3666],[-120.0406,35.366],[-120.0403,35.3516],[-119.9251,35.3512],[-119.9137,35.3426],[-119.8807,35.3476],[-119.8742,35.3438],[-119.8738,35.3484],[-119.862,35.3512],[-119.8092,35.3509],[-119.8094,35.2637],[-119.6666,35.2626],[-119.6673,35.175],[-119.5538,35.1801],[-119.5618,35.0878],[-119.4904,35.0916],[-119.4905,35.0767],[-119.4726,35.0767],[-119.4725,34.9014],[-119.3837,34.9008],[-119.3819,34.874],[-119.2764,34.8725],[-119.2772,34.8573],[-119.2426,34.8576],[-119.2425,34.8143],[-118.9779,34.8117],[-118.978,34.7898],[-118.8804,34.7887],[-118.6368,34.2918],[-118.6335,34.2702],[-118.64,34.2669],[-118.6555,34.2731],[-118.6586,34.2779],[-118.6529,34.2816],[-118.6528,34.2889],[-118.6596,34.2935],[-118.674,34.2935],[-118.674,34.2993],[-118.6902,34.2971],[-118.6962,34.3065],[-118.7189,34.3001],[-118.7214,34.3281],[-118.7441,34.3231],[-118.7591,34.3333],[-118.7669,34.3167],[-118.7959,34.3091],[-118.8161,34.2923],[-118.8224,34.2944],[-118.8205,34.3026],[-118.8309,34.3007],[-118.8332,34.3079],[-118.844,34.3078],[-118.8496,34.3036],[-118.8468,34.3006],[-118.8555,34.3006],[-118.8659,34.3008],[-118.8659,34.3079],[-118.9097,34.3078],[-118.9205,34.2901],[-118.9101,34.2898],[-118.9099,34.2816],[-118.9167,34.2788],[-118.9072,34.2789],[-118.9075,34.2699],[-118.9327,34.2729],[-118.9767,34.2656],[-118.9791,34.2805],[-119.0112,34.277],[-119.0111,34.2638],[-119.0215,34.2637],[-119.0203,34.2558],[-119.0113,34.2521],[-119.0074,34.2446],[-118.9685,34.2465],[-118.9647,34.2375],[-118.989,34.2135],[-118.9781,34.2019],[-118.9578,34.2005],[-118.9643,34.1989],[-118.9643,34.191],[-118.9733,34.1838],[-118.9794,34.1829],[-118.985,34.1883],[-118.9914,34.1743],[-119.0014,34.17],[-118.9989,34.1636],[-118.9862,34.1563],[-118.9912,34.1487],[-118.9748,34.1479],[-118.9748,34.1562],[-118.9576,34.1593],[-118.947,34.1543],[-118.9199,34.1622],[-118.884,34.1622],[-118.877,34.1548],[-118.878,34.141],[-118.9036,34.1379],[-118.9036,34.1244],[-118.8805,34.1187],[-118.8746,34.1266],[-118.8565,34.1268],[-118.941,34.0748],[-118.9517,33.9929],[-119.0274,34.0149],[-119.159,34.0403],[-119.218,34.0625],[-119.2509,34.1062],[-119.2857,34.1408],[-119.3345,34.2365],[-119.3759,34.2499],[-119.402,34.2723],[-119.4286,34.2778],[-119.467,34.2937],[-119.501,34.3269],[-119.5558,34.345],[-119.5848,34.3617],[-119.6175,34.3687],[-119.6514,34.3667],[-119.6661,34.3545],[-119.7161,34.3361],[-119.7971,34.3653],[-119.8379,34.3543],[-119.8915,34.3575],[-119.9165,34.3726],[-120.0244,34.4093],[-120.0448,34.4125],[-120.0907,34.4093],[-120.1473,34.4229],[-120.2871,34.4176],[-120.3245,34.4097],[-120.3869,34.4057],[-120.451,34.3912],[-120.4881,34.3983],[-120.5236,34.4195],[-120.5356,34.4395],[-120.5357,34.4527],[-120.5531,34.471],[-120.5594,34.4885],[-120.5943,34.5041],[-120.6326,34.5027],[-120.6561,34.5086],[-120.6845,34.5271],[-120.708,34.5549],[-120.7133,34.575],[-120.7072,34.6162],[-120.7013,34.63],[-120.6865,34.645],[-120.6647,34.6963],[-120.6932,34.73],[-120.7021,34.7483],[-120.6998,34.7709],[-120.6733,34.8386],[-120.7203,34.8692],[-120.7344,34.9015],[-120.7343,34.9048]]]]}},{"type":"Feature","properties":{"d":22},"geometry":{"type":"MultiPolygon","coordinates":[[[[-118.0858,34.0188],[-118.0732,34.0279],[-118.0822,34.0445],[-118.0819,34.05],[-118.0674,34.0627],[-118.0729,34.0723],[-118.0558,34.0725],[-118.056,34.0847],[-118.0631,34.0812],[-118.0618,34.0866],[-118.0331,34.0935],[-118.0286,34.0971],[-118.0305,34.1064],[-118.0173,34.1086],[-118.0201,34.0965],[-118.0096,34.1009],[-117.9975,34.0987],[-118.0019,34.0883],[-117.9989,34.0873],[-117.9922,34.0951],[-118.0081,34.1041],[-118.0005,34.1085],[-118.005,34.1101],[-118.0038,34.1173],[-117.9958,34.1184],[-118.0037,34.1174],[-118.0037,34.1249],[-117.9877,34.1295],[-117.9863,34.1396],[-117.9754,34.1437],[-117.9854,34.1515],[-117.9851,34.1567],[-117.9776,34.1559],[-117.9775,34.1651],[-117.9423,34.1669],[-117.9425,34.1795],[-117.9597,34.1796],[-117.96,34.1942],[-117.9775,34.1943],[-117.9784,34.2384],[-117.9613,34.2452],[-117.952,34.2405],[-117.9458,34.2455],[-117.9405,34.2403],[-117.9234,34.2449],[-117.9148,34.241],[-117.9063,34.2463],[-117.8959,34.2401],[-117.8685,34.2412],[-117.8571,34.2584],[-117.8448,34.2626],[-117.8458,34.2777],[-117.8378,34.2833],[-117.8455,34.2853],[-117.8391,34.2912],[-117.8322,34.2879],[-117.8364,34.291],[-117.8333,34.2999],[-117.8389,34.3017],[-117.8339,34.3119],[-117.838,34.3226],[-117.8245,34.332],[-117.8288,34.3384],[-117.7751,34.3385],[-117.7603,34.301],[-117.7526,34.297],[-117.7432,34.2991],[-117.749,34.2811],[-117.7506,34.2229],[-117.8122,34.2232],[-117.812,34.2059],[-117.8377,34.1964],[-117.8421,34.1992],[-117.8397,34.1946],[-117.8552,34.2014],[-117.8558,34.1793],[-117.8765,34.1803],[-117.8799,34.1734],[-117.8811,34.1812],[-117.8924,34.1695],[-117.89,34.1328],[-117.877,34.1247],[-117.8814,34.1214],[-117.8826,34.1068],[-117.8376,34.1067],[-117.8377,34.1139],[-117.8224,34.1157],[-117.8203,34.1269],[-117.8118,34.1254],[-117.8115,34.1578],[-117.8028,34.1578],[-117.8027,34.1651],[-117.7809,34.1652],[-117.781,34.1469],[-117.7677,34.1508],[-117.7678,34.158],[-117.7591,34.1581],[-117.7591,34.1653],[-117.7547,34.1654],[-117.7503,34.1513],[-117.7557,34.1456],[-117.7478,34.1374],[-117.7505,34.129],[-117.7593,34.129],[-117.7594,34.1217],[-117.7508,34.1207],[-117.7507,34.1096],[-117.7368,34.1108],[-117.7368,34.0989],[-117.7324,34.0987],[-117.7323,34.0903],[-117.728,34.0904],[-117.728,34.0795],[-117.7112,34.0795],[-117.7044,34.0953],[-117.6896,34.0967],[-117.6809,34.0939],[-117.6809,34.0874],[-117.6333,34.0871],[-117.6333,34.0932],[-117.6088,34.0921],[-117.6011,34.0776],[-117.524,34.0772],[-117.5243,34.0335],[-117.5583,34.0335],[-117.5584,33.9884],[-117.6104,33.9716],[-117.6109,33.9251],[-117.6554,33.9243],[-117.674,33.9469],[-117.6662,33.9491],[-117.6748,33.96],[-117.6972,33.9828],[-117.709,33.9827],[-117.7151,33.989],[-117.7209,33.987],[-117.7162,33.9899],[-117.7251,34.0027],[-117.746,34.0201],[-117.7676,34.0235],[-117.7677,34.0194],[-117.7852,34.0261],[-117.7852,34.0324],[-117.8016,34.0429],[-117.8107,34.0293],[-117.8183,34.0344],[-117.828,34.0308],[-117.8246,34.0376],[-117.8287,34.0376],[-117.8208,34.0518],[-117.8158,34.053],[-117.8211,34.055],[-117.8124,34.0612],[-117.8056,34.0592],[-117.8087,34.063],[-117.827,34.0642],[-117.838,34.0579],[-117.8495,34.0617],[-117.855,34.0591],[-117.8525,34.0535],[-117.8619,34.0531],[-117.867,34.0466],[-117.8889,34.0435],[-117.8896,34.0296],[-117.9032,34.0263],[-117.9263,34.0357],[-117.9257,34.0441],[-117.9125,34.0511],[-117.9332,34.0486],[-117.9299,34.0514],[-117.9441,34.0532],[-117.9567,34.0474],[-117.9638,34.0526],[-117.9588,34.0573],[-117.9707,34.066],[-117.9992,34.059],[-118.0011,34.0548],[-118.0077,34.058],[-118.0053,34.0641],[-118.0096,34.0606],[-118.0114,34.0636],[-118.0082,34.0562],[-118.0168,34.0439],[-118.0657,34.0281],[-118.0539,34.0239],[-118.0562,34.0217],[-118.0857,34.0187],[-118.0858,34.0188]]]]}},{"type":"Feature","properties":{"d":23},"geometry":{"type":"MultiPolygon","coordinates":[[[[-118.8945,34.818],[-118.8804,34.8178],[-118.8841,34.8108],[-118.8767,34.8032],[-118.8543,34.803],[-118.854,34.8178],[-117.6673,34.8225],[-117.6672,34.7343],[-117.6142,34.7337],[-117.6139,34.7195],[-117.54,34.7267],[-117.529,34.7236],[-117.3611,34.7324],[-117.3428,34.7249],[-117.3518,34.7047],[-117.3489,34.695],[-117.3532,34.6742],[-117.3615,34.6598],[-117.3532,34.6084],[-117.3389,34.5851],[-117.3344,34.5851],[-117.3344,34.5764],[-117.3231,34.5743],[-117.332,34.5823],[-117.3319,34.5936],[-117.3257,34.5936],[-117.3258,34.5863],[-117.2689,34.5863],[-117.26,34.5906],[-117.2819,34.5659],[-117.2822,34.5359],[-117.2874,34.5335],[-117.26,34.5106],[-117.2521,34.4895],[-117.2551,34.4569],[-117.2466,34.4531],[-117.242,34.4349],[-117.2382,34.435],[-117.245,34.3543],[-117.2417,34.3405],[-117.25,34.3404],[-117.2504,34.3257],[-117.2588,34.326],[-117.259,34.311],[-117.2936,34.3112],[-117.2937,34.3076],[-117.3634,34.3108],[-117.3635,34.3036],[-117.3853,34.3036],[-117.3808,34.311],[-117.3985,34.3108],[-117.3984,34.3181],[-117.4161,34.3182],[-117.4159,34.3251],[-117.4484,34.3288],[-117.4678,34.3129],[-117.4751,34.3118],[-117.4608,34.3023],[-117.452,34.2895],[-117.4514,34.2753],[-117.4713,34.2634],[-117.4765,34.2383],[-117.4567,34.2081],[-117.5009,34.2084],[-117.5179,34.2141],[-117.5357,34.2132],[-117.5571,34.224],[-117.556,34.2928],[-117.6469,34.2959],[-117.6552,34.3972],[-117.6586,34.3971],[-117.6585,34.4043],[-117.6759,34.4044],[-117.6761,34.4261],[-117.8888,34.4265],[-117.8913,34.4212],[-117.8966,34.4264],[-117.9217,34.4261],[-117.9231,34.4316],[-117.9391,34.4318],[-117.9393,34.4391],[-117.9727,34.4397],[-117.9762,34.4309],[-117.9711,34.4303],[-117.9721,34.416],[-117.967,34.4066],[-117.9683,34.3979],[-117.9757,34.3916],[-117.972,34.3785],[-117.9869,34.3672],[-117.9984,34.3704],[-118.013,34.364],[-118.0201,34.3703],[-118.0317,34.3669],[-118.0355,34.3769],[-118.0428,34.3763],[-118.0474,34.3813],[-118.0801,34.3825],[-118.0738,34.3861],[-118.0815,34.3868],[-118.0797,34.3978],[-118.0902,34.4025],[-118.105,34.398],[-118.1213,34.3795],[-118.129,34.3821],[-118.1428,34.3748],[-118.1623,34.3793],[-118.1639,34.3743],[-118.1722,34.3769],[-118.1726,34.371],[-118.1912,34.3815],[-118.2045,34.3756],[-118.2208,34.3793],[-118.2276,34.3757],[-118.2317,34.3796],[-118.2405,34.3746],[-118.2567,34.3752],[-118.2483,34.3796],[-118.2521,34.3828],[-118.2512,34.3935],[-118.2551,34.392],[-118.2532,34.3948],[-118.2633,34.3994],[-118.2699,34.3983],[-118.2695,34.3918],[-118.2852,34.3964],[-118.3018,34.3894],[-118.3157,34.3898],[-118.3181,34.3842],[-118.3257,34.3852],[-118.3257,34.4375],[-118.3398,34.4359],[-118.3326,34.4391],[-118.3328,34.4444],[-118.3341,34.4385],[-118.3508,34.4317],[-118.3627,34.4332],[-118.3662,34.4388],[-118.4042,34.4284],[-118.3976,34.427],[-118.3981,34.3818],[-118.4056,34.3807],[-118.3982,34.3691],[-118.3979,34.3537],[-118.4041,34.3528],[-118.398,34.3514],[-118.3969,34.3198],[-118.4039,34.3217],[-118.4052,34.3298],[-118.4136,34.3299],[-118.4159,34.3245],[-118.4208,34.3256],[-118.419,34.3299],[-118.4927,34.3306],[-118.5038,34.3373],[-118.534,34.3145],[-118.5463,34.3173],[-118.5408,34.2988],[-118.5598,34.2992],[-118.5687,34.2946],[-118.5881,34.3029],[-118.5962,34.2745],[-118.6073,34.2777],[-118.6335,34.2695],[-118.6368,34.2918],[-118.8946,34.818],[-118.8945,34.818]]]]}},{"type":"Feature","properties":{"d":24},"geometry":{"type":"MultiPolygon","coordinates":[[[[-118.9511,33.9964],[-118.941,34.0748],[-118.7889,34.1682],[-118.6682,34.1682],[-118.6682,34.1767],[-118.6586,34.1767],[-118.6586,34.1694],[-118.6455,34.1657],[-118.629,34.1473],[-118.615,34.1493],[-118.5534,34.126],[-118.5348,34.1317],[-118.5039,34.1277],[-118.4907,34.1312],[-118.4805,34.1299],[-118.479,34.1228],[-118.4698,34.1303],[-118.4301,34.1321],[-118.4154,34.1264],[-118.4075,34.1294],[-118.3964,34.1191],[-118.3891,34.1233],[-118.3757,34.122],[-118.3713,34.1268],[-118.3741,34.1347],[-118.3688,34.1379],[-118.3576,34.1394],[-118.3488,34.1314],[-118.3432,34.1382],[-118.3457,34.1426],[-118.3326,34.1478],[-118.3371,34.1416],[-118.3345,34.1342],[-118.327,34.1343],[-118.3261,34.1256],[-118.3191,34.1312],[-118.3187,34.12],[-118.3095,34.1199],[-118.3075,34.1134],[-118.3093,34.1017],[-118.3237,34.1016],[-118.3244,34.0835],[-118.3441,34.0871],[-118.344,34.0689],[-118.3764,34.0715],[-118.372,34.0639],[-118.376,34.0596],[-118.3835,34.0629],[-118.3837,34.0571],[-118.4059,34.0571],[-118.4061,34.0528],[-118.4143,34.0643],[-118.4466,34.047],[-118.4379,34.0356],[-118.453,34.028],[-118.4435,34.0166],[-118.456,34.0099],[-118.4463,33.9971],[-118.4402,33.9969],[-118.4485,33.9934],[-118.4435,33.9857],[-118.4135,33.9544],[-118.4316,33.9563],[-118.4318,33.9529],[-118.4465,33.952],[-118.4276,33.9163],[-118.4222,33.92],[-118.4288,33.931],[-118.3787,33.9309],[-118.3743,33.9172],[-118.3786,33.9154],[-118.3787,33.8946],[-118.3613,33.8947],[-118.3613,33.8729],[-118.3438,33.8772],[-118.3438,33.8934],[-118.3265,33.9019],[-118.2917,33.9019],[-118.2905,33.8664],[-118.2981,33.8656],[-118.2944,33.8705],[-118.2991,33.8705],[-118.2993,33.8657],[-118.3091,33.8656],[-118.3099,33.7819],[-118.3064,33.775],[-118.3116,33.7631],[-118.301,33.7577],[-118.3091,33.7577],[-118.3096,33.7468],[-118.3184,33.7468],[-118.3185,33.732],[-118.3285,33.7294],[-118.3632,33.6721],[-118.3859,33.6867],[-118.4286,33.7013],[-118.467,33.7255],[-118.4856,33.7537],[-118.4845,33.8032],[-118.444,33.8391],[-118.4473,33.8488],[-118.5234,33.953],[-118.5574,33.9877],[-118.6483,33.9867],[-118.6665,33.9806],[-118.7046,33.9778],[-118.7275,33.9803],[-118.7464,33.9755],[-118.7865,33.9514],[-118.8098,33.9469],[-118.8411,33.9554],[-118.874,33.9833],[-118.9517,33.9929],[-118.9511,33.9964]]]]}},{"type":"Feature","properties":{"d":25},"geometry":{"type":"MultiPolygon","coordinates":[[[[-118.3078,34.1611],[-118.2969,34.1715],[-118.2974,34.1775],[-118.28,34.1907],[-118.2801,34.2075],[-118.2928,34.2217],[-118.2669,34.2218],[-118.2667,34.2508],[-118.2565,34.2523],[-118.2567,34.2672],[-118.2234,34.2672],[-118.2135,34.2782],[-118.1986,34.2813],[-118.188,34.2936],[-118.1895,34.3521],[-118.216,34.352],[-118.1897,34.3614],[-118.1897,34.3807],[-118.1726,34.371],[-118.1722,34.3769],[-118.1639,34.3743],[-118.1638,34.3788],[-118.1556,34.3803],[-118.1425,34.3748],[-118.129,34.3821],[-118.1213,34.3795],[-118.105,34.398],[-118.0902,34.4025],[-118.0809,34.4002],[-118.0815,34.3868],[-118.0738,34.3861],[-118.0798,34.3823],[-118.0676,34.3848],[-118.0701,34.3822],[-118.0378,34.3784],[-118.0295,34.3662],[-118.0201,34.3703],[-118.0175,34.3642],[-117.9984,34.3704],[-117.9869,34.3672],[-117.9705,34.382],[-117.9757,34.3875],[-117.9671,34.4034],[-117.9721,34.416],[-117.9711,34.4303],[-117.9762,34.4309],[-117.9727,34.4397],[-117.9393,34.4391],[-117.9391,34.4318],[-117.9231,34.4316],[-117.9217,34.4261],[-117.8966,34.4264],[-117.8913,34.4212],[-117.8888,34.4265],[-117.6761,34.4261],[-117.6759,34.4044],[-117.6585,34.4043],[-117.6586,34.3971],[-117.6552,34.3972],[-117.6469,34.2959],[-117.556,34.2928],[-117.5551,34.2212],[-117.533,34.2126],[-117.4567,34.2081],[-117.4383,34.1845],[-117.4536,34.1713],[-117.4535,34.1773],[-117.4839,34.1722],[-117.4839,34.1793],[-117.4882,34.1794],[-117.4883,34.1505],[-117.4787,34.1504],[-117.4954,34.1365],[-117.679,34.1335],[-117.6923,34.1247],[-117.7112,34.0795],[-117.728,34.0795],[-117.728,34.0904],[-117.7323,34.0903],[-117.7324,34.0987],[-117.7368,34.0989],[-117.7368,34.1108],[-117.7507,34.1096],[-117.7508,34.1207],[-117.7594,34.1217],[-117.7593,34.129],[-117.7505,34.129],[-117.7478,34.1374],[-117.7557,34.1456],[-117.7503,34.1513],[-117.7547,34.1654],[-117.7591,34.1653],[-117.7591,34.1581],[-117.7678,34.158],[-117.7677,34.1508],[-117.781,34.1469],[-117.7809,34.1652],[-117.8027,34.1651],[-117.8028,34.1578],[-117.8115,34.1578],[-117.8118,34.1254],[-117.8203,34.1269],[-117.8224,34.1157],[-117.8377,34.1139],[-117.8376,34.1067],[-117.8826,34.1068],[-117.8814,34.1214],[-117.877,34.1247],[-117.89,34.1328],[-117.8924,34.1695],[-117.8811,34.1812],[-117.8799,34.1734],[-117.8765,34.1803],[-117.8558,34.1793],[-117.8552,34.2014],[-117.8397,34.1946],[-117.8421,34.1992],[-117.8377,34.1964],[-117.812,34.2059],[-117.8122,34.2232],[-117.7506,34.2229],[-117.749,34.2811],[-117.7432,34.2991],[-117.7526,34.297],[-117.7603,34.301],[-117.7751,34.3385],[-117.8288,34.3384],[-117.8245,34.332],[-117.838,34.3226],[-117.8339,34.3119],[-117.8389,34.3017],[-117.8333,34.2999],[-117.8364,34.291],[-117.8322,34.2879],[-117.8391,34.2912],[-117.8455,34.2853],[-117.8378,34.2833],[-117.8458,34.2777],[-117.8448,34.2626],[-117.8571,34.2584],[-117.8685,34.2412],[-117.8959,34.2401],[-117.9063,34.2463],[-117.9148,34.241],[-117.9234,34.2449],[-117.9405,34.2403],[-117.9458,34.2455],[-117.952,34.2405],[-117.9613,34.2452],[-117.9784,34.2384],[-117.9775,34.1943],[-117.96,34.1942],[-117.9597,34.1796],[-117.9425,34.1795],[-117.9423,34.1669],[-117.9775,34.1651],[-117.9776,34.1559],[-117.9851,34.1567],[-117.9854,34.1515],[-117.9754,34.1437],[-117.9863,34.1396],[-117.9877,34.1295],[-118.0037,34.1249],[-118.0037,34.1174],[-117.9958,34.1184],[-118.0038,34.1173],[-118.005,34.1101],[-118.0005,34.1085],[-118.0081,34.1041],[-117.9922,34.0951],[-117.9989,34.0873],[-118.0019,34.0883],[-117.9975,34.0987],[-118.0096,34.1009],[-118.0201,34.0965],[-118.0173,34.1086],[-118.0305,34.1064],[-118.0286,34.0971],[-118.0331,34.0935],[-118.0618,34.0866],[-118.0631,34.0812],[-118.056,34.0847],[-118.0558,34.0725],[-118.0729,34.0723],[-118.0674,34.0627],[-118.0819,34.05],[-118.0794,34.035],[-118.0925,34.0452],[-118.1003,34.0448],[-118.1065,34.0404],[-118.0931,34.0355],[-118.1077,34.027],[-118.1151,34.0337],[-118.1517,34.034],[-118.1573,34.0363],[-118.1572,34.0443],[-118.1696,34.0442],[-118.1693,34.0623],[-118.1653,34.0623],[-118.1618,34.071],[-118.1607,34.0934],[-118.1553,34.0987],[-118.178,34.0986],[-118.178,34.1103],[-118.1658,34.1256],[-118.177,34.1231],[-118.1861,34.1337],[-118.1804,34.141],[-118.1838,34.1491],[-118.1982,34.1516],[-118.211,34.1462],[-118.2262,34.1498],[-118.2279,34.1356],[-118.2363,34.1345],[-118.2352,34.1267],[-118.2533,34.1244],[-118.2543,34.1188],[-118.2756,34.1532],[-118.3072,34.161],[-118.3078,34.1611]]]]}},{"type":"Feature","properties":{"d":26},"geometry":{"type":"MultiPolygon","coordinates":[[[[-118.3459,34.0574],[-118.3441,34.0871],[-118.3244,34.0835],[-118.3237,34.1016],[-118.3093,34.1017],[-118.3076,34.1081],[-118.3095,34.1199],[-118.3187,34.12],[-118.3191,34.1312],[-118.3262,34.1256],[-118.327,34.1343],[-118.3361,34.1372],[-118.3326,34.1478],[-118.3221,34.1557],[-118.3129,34.154],[-118.3087,34.1614],[-118.2805,34.1563],[-118.2543,34.1188],[-118.2533,34.1244],[-118.2352,34.1267],[-118.2363,34.1345],[-118.2279,34.1356],[-118.2262,34.1498],[-118.211,34.1462],[-118.1982,34.1516],[-118.1838,34.1491],[-118.1804,34.141],[-118.1861,34.1337],[-118.177,34.1231],[-118.1658,34.1256],[-118.178,34.1103],[-118.178,34.0986],[-118.1553,34.0987],[-118.1607,34.0934],[-118.1618,34.071],[-118.1653,34.0623],[-118.1693,34.0623],[-118.1696,34.0442],[-118.1572,34.0443],[-118.1573,34.0363],[-118.1442,34.0335],[-118.1434,34.0239],[-118.1267,34.0131],[-118.1274,34.0087],[-118.1475,34.0098],[-118.1462,34.0181],[-118.1536,34.0196],[-118.1587,34.0107],[-118.1759,34.0183],[-118.1759,34.0115],[-118.1922,34.0165],[-118.1935,34.0095],[-118.1701,33.9995],[-118.1778,33.997],[-118.1726,33.9865],[-118.1842,33.9942],[-118.2034,33.9967],[-118.204,33.9831],[-118.2126,33.984],[-118.2128,33.9897],[-118.2236,33.9916],[-118.2236,33.9964],[-118.2297,33.9957],[-118.2303,33.9892],[-118.2375,33.9892],[-118.2381,34.0433],[-118.2571,34.055],[-118.2741,34.0381],[-118.3003,34.0369],[-118.3,34.0472],[-118.3267,34.0478],[-118.323,34.0547],[-118.3459,34.0572],[-118.3459,34.0574]]]]}},{"type":"Feature","properties":{"d":27},"geometry":{"type":"MultiPolygon","coordinates":[[[[-119.0215,34.2637],[-119.0111,34.2638],[-119.0112,34.277],[-118.9825,34.2803],[-118.9791,34.2805],[-118.9767,34.2656],[-118.9327,34.2729],[-118.9072,34.2699],[-118.9072,34.2789],[-118.9167,34.2788],[-118.9099,34.2816],[-118.9101,34.2898],[-118.9205,34.2896],[-118.9205,34.2958],[-118.9097,34.3078],[-118.8659,34.3079],[-118.8659,34.3008],[-118.8555,34.3006],[-118.8468,34.3006],[-118.8496,34.3036],[-118.844,34.3078],[-118.8332,34.3079],[-118.8309,34.3007],[-118.8205,34.3026],[-118.8224,34.2944],[-118.8161,34.2923],[-118.7959,34.3091],[-118.7669,34.3167],[-118.7591,34.3333],[-118.7441,34.3231],[-118.7214,34.3281],[-118.7189,34.3001],[-118.6962,34.3065],[-118.6902,34.2971],[-118.674,34.2993],[-118.674,34.2935],[-118.6596,34.2935],[-118.6528,34.2889],[-118.6529,34.2816],[-118.6586,34.2779],[-118.6556,34.2732],[-118.6388,34.267],[-118.623,34.2756],[-118.5962,34.2745],[-118.5881,34.3029],[-118.5687,34.2946],[-118.5598,34.2992],[-118.5408,34.2988],[-118.5463,34.3173],[-118.534,34.3145],[-118.5083,34.3339],[-118.4678,34.2912],[-118.472,34.2659],[-118.4816,34.2637],[-118.4817,34.2501],[-118.4722,34.2501],[-118.4729,34.2356],[-118.4961,34.2357],[-118.4989,34.2207],[-118.5273,34.2209],[-118.5273,34.2355],[-118.5766,34.2318],[-118.6051,34.2354],[-118.6059,34.2197],[-118.6147,34.2195],[-118.6146,34.1937],[-118.5884,34.1938],[-118.5884,34.1883],[-118.571,34.1857],[-118.571,34.1909],[-118.5622,34.1903],[-118.5622,34.1866],[-118.474,34.1866],[-118.4695,34.1793],[-118.44,34.1794],[-118.44,34.1939],[-118.4313,34.1939],[-118.4232,34.2198],[-118.4096,34.22],[-118.4059,34.2064],[-118.3965,34.2085],[-118.3921,34.1867],[-118.3597,34.1849],[-118.3572,34.1613],[-118.3531,34.1613],[-118.3432,34.1382],[-118.3488,34.1314],[-118.3578,34.1394],[-118.3717,34.1369],[-118.3757,34.122],[-118.3891,34.1233],[-118.3964,34.1191],[-118.4075,34.1294],[-118.4154,34.1264],[-118.4301,34.1321],[-118.4698,34.1303],[-118.479,34.1228],[-118.4805,34.1299],[-118.4907,34.1312],[-118.5039,34.1277],[-118.5348,34.1317],[-118.5534,34.126],[-118.615,34.1493],[-118.629,34.1473],[-118.6455,34.1657],[-118.6586,34.1694],[-118.6586,34.1767],[-118.6682,34.1767],[-118.6682,34.1682],[-118.7889,34.1682],[-118.8564,34.1268],[-118.8746,34.1266],[-118.8805,34.1187],[-118.9036,34.1244],[-118.9036,34.1379],[-118.878,34.141],[-118.877,34.1548],[-118.884,34.1622],[-118.9199,34.1622],[-118.947,34.1543],[-118.9576,34.1593],[-118.9748,34.1562],[-118.9748,34.1479],[-118.9913,34.1488],[-118.9862,34.1563],[-118.9989,34.1636],[-119.0014,34.17],[-118.9914,34.1743],[-118.985,34.1883],[-118.9794,34.1829],[-118.9733,34.1838],[-118.9643,34.191],[-118.9643,34.1989],[-118.9578,34.2005],[-118.9781,34.2019],[-118.989,34.2135],[-118.965,34.2395],[-118.9685,34.2465],[-119.0074,34.2446],[-119.0211,34.2613],[-119.0215,34.2637]]]]}},{"type":"Feature","properties":{"d":28},"geometry":{"type":"MultiPolygon","coordinates":[[[[-118.456,34.01],[-118.4435,34.0166],[-118.453,34.028],[-118.4379,34.0356],[-118.4466,34.047],[-118.4143,34.0643],[-118.4061,34.0528],[-118.4059,34.0571],[-118.3837,34.0571],[-118.3835,34.0629],[-118.376,34.0596],[-118.372,34.0639],[-118.3764,34.0715],[-118.344,34.0689],[-118.3459,34.0572],[-118.323,34.0547],[-118.3267,34.0478],[-118.3,34.0472],[-118.3003,34.0369],[-118.2741,34.0381],[-118.2571,34.055],[-118.2381,34.0433],[-118.2379,33.9894],[-118.2564,33.9895],[-118.2564,33.9602],[-118.3003,33.9595],[-118.3003,33.95],[-118.309,33.9382],[-118.3177,33.9455],[-118.3177,33.9709],[-118.333,33.9672],[-118.3352,33.9818],[-118.3762,33.9829],[-118.3701,33.9685],[-118.3788,33.9526],[-118.4133,33.9543],[-118.4435,33.9857],[-118.4485,33.9934],[-118.4402,33.9969],[-118.4463,33.9971],[-118.456,34.0099],[-118.456,34.01]]]]}},{"type":"Feature","properties":{"d":29},"geometry":{"type":"MultiPolygon","coordinates":[[[[-117.7044,34.0953],[-117.6923,34.1247],[-117.6758,34.1344],[-117.4954,34.1365],[-117.4787,34.1504],[-117.4883,34.1505],[-117.4882,34.1794],[-117.4839,34.1793],[-117.4839,34.1722],[-117.4535,34.1773],[-117.4536,34.1713],[-117.4383,34.1845],[-117.4765,34.2379],[-117.4713,34.2634],[-117.4541,34.2713],[-117.4513,34.2783],[-117.4484,34.2538],[-117.3998,34.2209],[-117.3953,34.2286],[-117.3864,34.2293],[-117.3882,34.2203],[-117.3794,34.2237],[-117.3726,34.2134],[-117.357,34.2156],[-117.3482,34.2084],[-117.3357,34.2084],[-117.3354,34.2191],[-117.3482,34.2229],[-117.3482,34.2265],[-117.3344,34.2301],[-117.3351,34.2224],[-117.3216,34.2216],[-117.3267,34.2187],[-117.3316,34.2009],[-117.3223,34.1942],[-117.3136,34.2009],[-117.3049,34.2008],[-117.3097,34.1892],[-117.2973,34.1839],[-117.2963,34.1908],[-117.2788,34.191],[-117.2831,34.2011],[-117.2876,34.201],[-117.2875,34.2114],[-117.279,34.208],[-117.2698,34.19],[-117.2262,34.1935],[-117.2265,34.179],[-117.2613,34.1829],[-117.2657,34.1793],[-117.2614,34.1758],[-117.2622,34.1679],[-117.2438,34.1704],[-117.2438,34.1651],[-117.2088,34.1643],[-117.2088,34.1573],[-117.1998,34.1574],[-117.2,34.1465],[-117.1736,34.1499],[-117.1736,34.1428],[-117.1651,34.146],[-117.1726,34.1367],[-117.1825,34.1357],[-117.1806,34.1324],[-117.1869,34.1357],[-117.1825,34.1212],[-117.1953,34.1201],[-117.1829,34.1058],[-117.1824,34.099],[-117.1345,34.0991],[-117.1378,34.0907],[-117.1341,34.0773],[-117.1388,34.0774],[-117.1389,34.0696],[-117.1346,34.0681],[-117.139,34.0632],[-117.1388,34.0333],[-117.1525,34.0386],[-117.1634,34.0546],[-117.1764,34.0612],[-117.2046,34.0667],[-117.2506,34.0667],[-117.2694,34.0639],[-117.2738,34.053],[-117.2899,34.0494],[-117.3009,34.0523],[-117.3263,34.0433],[-117.3312,34.0457],[-117.3399,34.0194],[-117.3754,34.0194],[-117.3753,34.0339],[-117.4812,34.0336],[-117.4878,34.0381],[-117.4804,34.0481],[-117.5069,34.0481],[-117.5067,34.0628],[-117.5241,34.0622],[-117.524,34.0772],[-117.6011,34.0776],[-117.6088,34.0921],[-117.6333,34.0932],[-117.6333,34.0871],[-117.6809,34.0874],[-117.6809,34.0939],[-117.7043,34.0953],[-117.7044,34.0953]]]]}},{"type":"Feature","properties":{"d":30},"geometry":{"type":"MultiPolygon","coordinates":[[[[-118.1704,33.9236],[-118.1615,33.9288],[-118.1659,33.9385],[-118.1586,33.9519],[-118.1343,33.9704],[-118.1213,33.973],[-118.1342,33.9857],[-118.1285,33.9855],[-118.1252,33.9912],[-118.1299,33.993],[-118.1267,34.0131],[-118.1434,34.0239],[-118.1442,34.0335],[-118.1151,34.0337],[-118.1077,34.027],[-118.0931,34.0355],[-118.1065,34.0404],[-118.1003,34.0448],[-118.0925,34.0452],[-118.0738,34.0319],[-118.0732,34.0279],[-118.0858,34.0188],[-118.0783,34.0169],[-118.0544,34.0227],[-118.0657,34.0281],[-118.0156,34.0447],[-118.0082,34.0562],[-118.0114,34.0636],[-118.0096,34.0606],[-118.0053,34.0641],[-118.0077,34.058],[-118.0011,34.0548],[-117.9992,34.059],[-117.9707,34.066],[-117.9588,34.0573],[-117.9638,34.0526],[-117.9567,34.0474],[-117.9441,34.0532],[-117.9299,34.0514],[-117.9332,34.0486],[-117.9125,34.0511],[-117.9257,34.0441],[-117.9263,34.0357],[-117.9021,34.0263],[-117.8896,34.0296],[-117.8889,34.0435],[-117.867,34.0466],[-117.8619,34.0531],[-117.8525,34.0535],[-117.855,34.0591],[-117.8512,34.061],[-117.838,34.0579],[-117.827,34.0642],[-117.8115,34.0634],[-117.8056,34.0592],[-117.8124,34.0612],[-117.8211,34.055],[-117.8158,34.053],[-117.8208,34.0518],[-117.8287,34.0376],[-117.8246,34.0376],[-117.828,34.0308],[-117.8183,34.0344],[-117.8107,34.0293],[-117.8016,34.0429],[-117.7852,34.0324],[-117.7852,34.0261],[-117.7677,34.0194],[-117.7675,34.0047],[-117.785,34.0049],[-117.8025,33.9756],[-117.8024,33.9683],[-117.7937,33.9681],[-117.7936,33.9538],[-117.7819,33.9454],[-117.7908,33.9391],[-117.8063,33.9435],[-117.8076,33.9368],[-117.815,33.9378],[-117.8133,33.9287],[-117.8177,33.9253],[-117.8118,33.9234],[-117.8379,33.9166],[-117.8332,33.9137],[-117.8424,33.9102],[-117.84,33.9032],[-117.8594,33.9038],[-117.8594,33.9075],[-117.871,33.9103],[-117.8768,33.9072],[-117.8767,33.9108],[-117.8886,33.9105],[-117.8855,33.9071],[-117.9156,33.9083],[-117.9156,33.9174],[-117.9243,33.921],[-117.92,33.9283],[-117.9287,33.9298],[-117.92,33.9319],[-117.92,33.9461],[-117.9765,33.946],[-117.9765,33.928],[-117.99,33.9319],[-118.0008,33.9293],[-118.0034,33.9383],[-118.0456,33.9553],[-118.0457,33.9506],[-118.0496,33.9533],[-118.0537,33.9493],[-118.0457,33.9476],[-118.0521,33.9441],[-118.0423,33.94],[-118.0488,33.9357],[-118.0466,33.9258],[-118.0481,33.9316],[-118.0552,33.9301],[-118.0552,33.917],[-118.0148,33.9171],[-118.0232,33.9241],[-118.0053,33.9283],[-118.0035,33.9231],[-117.9944,33.9245],[-117.9917,33.9173],[-117.9766,33.9174],[-117.9766,33.9028],[-117.9854,33.9028],[-117.9853,33.8955],[-117.9941,33.8955],[-117.9941,33.8882],[-118.0029,33.8882],[-118.0028,33.8809],[-118.0114,33.8809],[-118.0114,33.8734],[-118.0288,33.8733],[-118.0289,33.8826],[-118.0384,33.8878],[-118.0685,33.8876],[-118.0727,33.8804],[-118.0938,33.8785],[-118.0955,33.8874],[-118.1042,33.8874],[-118.1086,33.8869],[-118.1084,33.8656],[-118.1143,33.8656],[-118.1143,33.869],[-118.1512,33.8689],[-118.1513,33.8798],[-118.147,33.8798],[-118.147,33.8893],[-118.1427,33.8893],[-118.1429,33.9025],[-118.1535,33.9074],[-118.1492,33.9137],[-118.1701,33.9234],[-118.1704,33.9236]]]]}},{"type":"Feature","properties":{"d":31},"geometry":{"type":"MultiPolygon","coordinates":[[[[-117.6296,33.8834],[-117.5939,33.8818],[-117.5897,33.8966],[-117.5783,33.8925],[-117.5712,33.9017],[-117.5666,33.8937],[-117.5584,33.8949],[-117.5569,33.902],[-117.5508,33.8962],[-117.5399,33.8974],[-117.5262,33.9079],[-117.5236,33.9021],[-117.5149,33.9023],[-117.512,33.9149],[-117.5173,33.93],[-117.5117,33.9412],[-117.5238,33.9459],[-117.5232,33.9625],[-117.5254,33.9586],[-117.5422,33.9567],[-117.5492,33.9496],[-117.5537,33.95],[-117.5496,33.9572],[-117.5583,33.955],[-117.5583,33.9459],[-117.5961,33.927],[-117.5949,33.9206],[-117.6091,33.9077],[-117.6154,33.9242],[-117.611,33.9242],[-117.6104,33.9716],[-117.5584,33.9884],[-117.5583,34.0335],[-117.5243,34.0335],[-117.5241,34.0622],[-117.5067,34.0628],[-117.5069,34.0481],[-117.4804,34.0481],[-117.4878,34.0381],[-117.4812,34.0336],[-117.3753,34.0339],[-117.3754,34.0194],[-117.2833,34.019],[-117.2823,34.0114],[-117.2744,34.0106],[-117.2902,34.0057],[-117.2817,33.9952],[-117.2797,33.9976],[-117.2666,33.9857],[-117.2621,33.9878],[-117.2615,33.9828],[-117.2253,33.9823],[-117.2265,33.967],[-117.2178,33.9683],[-117.2178,33.9613],[-117.1652,33.9612],[-117.165,33.9682],[-117.1585,33.9613],[-117.1476,33.9613],[-117.1477,33.9538],[-117.1389,33.9502],[-117.139,33.939],[-117.1269,33.9379],[-117.1148,33.9195],[-117.1018,33.9185],[-117.0882,33.904],[-117.1023,33.8985],[-117.1023,33.9032],[-117.1198,33.9031],[-117.1211,33.8957],[-117.1298,33.8956],[-117.1297,33.8893],[-117.1464,33.8964],[-117.1468,33.9045],[-117.1577,33.8946],[-117.1746,33.8925],[-117.1694,33.875],[-117.2044,33.8591],[-117.2044,33.8446],[-117.1922,33.8431],[-117.1728,33.8266],[-117.1427,33.8414],[-117.1012,33.8399],[-117.1064,33.8179],[-117.0991,33.8217],[-117.0911,33.8174],[-117.066,33.8164],[-117.0662,33.8229],[-117.0598,33.815],[-117.0594,33.8383],[-117.0338,33.8235],[-117.0224,33.8235],[-117.0224,33.8322],[-117.0102,33.8369],[-116.9736,33.8217],[-116.9721,33.8121],[-116.9614,33.8121],[-116.9666,33.8238],[-116.9547,33.8238],[-116.9547,33.8166],[-116.946,33.8166],[-116.946,33.8132],[-116.9547,33.8141],[-116.9583,33.8093],[-116.9546,33.802],[-116.959,33.8014],[-116.9589,33.7895],[-116.953,33.7894],[-116.9546,33.7949],[-116.9501,33.7948],[-116.9446,33.8043],[-116.9296,33.7982],[-116.9194,33.8021],[-116.927,33.7908],[-116.9224,33.7861],[-116.9326,33.7804],[-116.9176,33.7651],[-116.9282,33.7654],[-116.9333,33.76],[-116.9279,33.7563],[-116.9406,33.7513],[-116.9509,33.764],[-116.9631,33.7587],[-116.9631,33.7694],[-116.9718,33.7681],[-116.9719,33.7729],[-117.0469,33.7729],[-117.0469,33.7802],[-117.0554,33.7749],[-117.0596,33.7801],[-117.077,33.7814],[-117.085,33.7792],[-117.0856,33.7723],[-117.102,33.7679],[-117.1059,33.7841],[-117.1181,33.7871],[-117.1168,33.7993],[-117.1374,33.8013],[-117.1428,33.7868],[-117.1478,33.7867],[-117.148,33.7725],[-117.1364,33.7721],[-117.1366,33.7628],[-117.129,33.7594],[-117.1365,33.7577],[-117.1365,33.7432],[-117.1848,33.743],[-117.1891,33.7286],[-117.223,33.7285],[-117.2233,33.7141],[-117.2369,33.7141],[-117.2305,33.7179],[-117.2355,33.7233],[-117.2406,33.7214],[-117.2406,33.7141],[-117.2754,33.7142],[-117.2753,33.7062],[-117.2841,33.7061],[-117.2842,33.6989],[-117.2899,33.7043],[-117.2994,33.7041],[-117.2965,33.7133],[-117.3099,33.7131],[-117.3117,33.7257],[-117.3102,33.7423],[-117.3009,33.7435],[-117.3013,33.7722],[-117.3066,33.7721],[-117.3068,33.7814],[-117.296,33.7887],[-117.302,33.7998],[-117.3128,33.8003],[-117.3128,33.815],[-117.3224,33.8152],[-117.3225,33.8226],[-117.3135,33.8228],[-117.3139,33.8297],[-117.3311,33.8359],[-117.3313,33.8582],[-117.3226,33.8583],[-117.3196,33.8657],[-117.2619,33.8658],[-117.2624,33.8701],[-117.2562,33.8702],[-117.2487,33.859],[-117.2439,33.859],[-117.2436,33.9102],[-117.2805,33.9091],[-117.2836,33.9168],[-117.2919,33.9167],[-117.2963,33.9261],[-117.309,33.93],[-117.3096,33.94],[-117.3129,33.9401],[-117.3114,33.9501],[-117.3079,33.9435],[-117.3012,33.9483],[-117.304,33.9533],[-117.3302,33.9709],[-117.3311,33.9612],[-117.3483,33.9611],[-117.3464,33.95],[-117.3503,33.9459],[-117.3704,33.9465],[-117.3753,33.9381],[-117.3892,33.93],[-117.3835,33.9226],[-117.3836,33.8868],[-117.4541,33.8885],[-117.4608,33.8847],[-117.465,33.8898],[-117.476,33.8817],[-117.4812,33.8868],[-117.4941,33.8867],[-117.4967,33.8777],[-117.5026,33.8767],[-117.5014,33.8726],[-117.4933,33.8726],[-117.4933,33.8674],[-117.4859,33.8673],[-117.4915,33.864],[-117.4831,33.852],[-117.4845,33.8364],[-117.5019,33.8323],[-117.5021,33.8244],[-117.5191,33.8294],[-117.5281,33.8293],[-117.5243,33.8238],[-117.5368,33.8238],[-117.5364,33.8303],[-117.5304,33.8322],[-117.5322,33.8357],[-117.5364,33.8318],[-117.5319,33.8431],[-117.5424,33.8658],[-117.5614,33.855],[-117.602,33.8593],[-117.6076,33.8608],[-117.6102,33.869],[-117.6127,33.865],[-117.6208,33.8813],[-117.6292,33.8833],[-117.6296,33.8834]]]]}},{"type":"Feature","properties":{"d":32},"geometry":{"type":"MultiPolygon","coordinates":[[[[-117.8458,33.904],[-117.84,33.9032],[-117.8424,33.9102],[-117.8332,33.9137],[-117.838,33.9157],[-117.8351,33.9184],[-117.8118,33.9234],[-117.8178,33.9287],[-117.8133,33.9287],[-117.8153,33.9373],[-117.8076,33.9368],[-117.8063,33.9435],[-117.7908,33.9391],[-117.7828,33.9442],[-117.7936,33.9538],[-117.7937,33.9681],[-117.8024,33.9683],[-117.8025,33.9756],[-117.785,34.0049],[-117.7675,34.0047],[-117.7677,34.0235],[-117.746,34.0201],[-117.7251,34.0027],[-117.7162,33.9899],[-117.7209,33.987],[-117.7151,33.989],[-117.709,33.9827],[-117.6972,33.9828],[-117.6748,33.96],[-117.6662,33.9491],[-117.674,33.9469],[-117.6554,33.9243],[-117.6109,33.9251],[-117.6154,33.9242],[-117.6155,33.9172],[-117.611,33.9171],[-117.6091,33.9077],[-117.5949,33.9206],[-117.5961,33.927],[-117.5583,33.9459],[-117.5583,33.955],[-117.5496,33.9572],[-117.5537,33.95],[-117.5492,33.9496],[-117.5422,33.9567],[-117.5254,33.9586],[-117.5232,33.9625],[-117.5238,33.9459],[-117.5117,33.9412],[-117.5173,33.93],[-117.512,33.9149],[-117.5149,33.9023],[-117.5236,33.9021],[-117.5262,33.9079],[-117.5399,33.8974],[-117.5508,33.8962],[-117.5569,33.902],[-117.5584,33.8949],[-117.5666,33.8937],[-117.5712,33.9017],[-117.5783,33.8925],[-117.5897,33.8966],[-117.5939,33.8818],[-117.6296,33.8834],[-117.6208,33.8813],[-117.6127,33.865],[-117.6102,33.869],[-117.6076,33.8608],[-117.602,33.8593],[-117.5614,33.855],[-117.5424,33.8658],[-117.5319,33.8431],[-117.5364,33.8318],[-117.5322,33.8357],[-117.5304,33.8322],[-117.5364,33.8303],[-117.5368,33.8238],[-117.5243,33.8238],[-117.5281,33.8293],[-117.5191,33.8294],[-117.5021,33.8244],[-117.5019,33.8323],[-117.4845,33.8364],[-117.4831,33.852],[-117.4915,33.864],[-117.4859,33.8673],[-117.4933,33.8674],[-117.4933,33.8726],[-117.5014,33.8726],[-117.5026,33.8767],[-117.4967,33.8777],[-117.4941,33.8867],[-117.4812,33.8868],[-117.476,33.8817],[-117.465,33.8898],[-117.4608,33.8847],[-117.4541,33.8885],[-117.3836,33.8868],[-117.3835,33.9226],[-117.3892,33.93],[-117.3753,33.9381],[-117.3704,33.9465],[-117.3503,33.9459],[-117.3464,33.95],[-117.3483,33.9611],[-117.3311,33.9612],[-117.3302,33.9709],[-117.304,33.9533],[-117.3012,33.9483],[-117.3079,33.9435],[-117.3114,33.9501],[-117.3129,33.9401],[-117.3096,33.94],[-117.309,33.93],[-117.2963,33.9261],[-117.2919,33.9167],[-117.2836,33.9168],[-117.2805,33.9091],[-117.2436,33.9102],[-117.2439,33.859],[-117.2487,33.859],[-117.2562,33.8702],[-117.2624,33.8701],[-117.2619,33.8658],[-117.3196,33.8657],[-117.3226,33.8583],[-117.3313,33.8582],[-117.3311,33.8359],[-117.3139,33.8297],[-117.3135,33.8228],[-117.3225,33.8226],[-117.3224,33.8152],[-117.3128,33.815],[-117.3128,33.8003],[-117.302,33.7998],[-117.296,33.7887],[-117.3068,33.7814],[-117.3066,33.7721],[-117.3013,33.7722],[-117.3009,33.7435],[-117.3102,33.7423],[-117.3099,33.7131],[-117.2965,33.7133],[-117.2994,33.7041],[-117.2899,33.7043],[-117.286,33.699],[-117.2841,33.7061],[-117.2753,33.7062],[-117.2754,33.7142],[-117.2406,33.7141],[-117.2406,33.7214],[-117.2355,33.7233],[-117.2305,33.7179],[-117.2369,33.7141],[-117.2233,33.7141],[-117.223,33.7285],[-117.1891,33.7286],[-117.1848,33.743],[-117.1365,33.7432],[-117.1365,33.7577],[-117.129,33.7593],[-117.1366,33.7628],[-117.1364,33.7721],[-117.148,33.7725],[-117.1478,33.7867],[-117.1428,33.7868],[-117.1374,33.8013],[-117.1295,33.8013],[-117.1168,33.7993],[-117.1181,33.7871],[-117.1059,33.7841],[-117.102,33.7679],[-117.0856,33.7723],[-117.085,33.7792],[-117.077,33.7814],[-117.0596,33.7801],[-117.0554,33.7749],[-117.0469,33.7802],[-117.0469,33.7729],[-117.0333,33.7729],[-117.0361,33.7511],[-117.0502,33.7511],[-117.0505,33.7583],[-117.0677,33.7583],[-117.069,33.7438],[-117.0392,33.7439],[-117.0433,33.7328],[-117.0501,33.7292],[-117.05,33.6986],[-117.0399,33.6996],[-117.0278,33.7079],[-117.0209,33.7084],[-117.0199,33.7038],[-117.0111,33.7007],[-117.0029,33.7063],[-117.002,33.6984],[-116.9978,33.7013],[-116.9886,33.6854],[-116.9886,33.6712],[-116.9845,33.6712],[-116.9843,33.6784],[-116.9747,33.6817],[-116.9769,33.6857],[-116.9625,33.6858],[-116.9539,33.6927],[-116.9541,33.7031],[-116.9629,33.703],[-116.9597,33.7131],[-116.963,33.7147],[-116.9273,33.7117],[-116.9219,33.7307],[-116.8933,33.7298],[-116.8933,33.7348],[-116.8758,33.7295],[-116.8415,33.7288],[-116.848,33.7409],[-116.8156,33.7359],[-116.8004,33.7214],[-116.7712,33.7092],[-116.7601,33.7258],[-116.7413,33.7323],[-116.7468,33.731],[-116.7597,33.7386],[-116.7639,33.745],[-116.7595,33.7468],[-116.7584,33.7558],[-116.7381,33.7649],[-116.7389,33.7749],[-116.7191,33.7817],[-116.72,33.7695],[-116.7118,33.7663],[-116.7154,33.7591],[-116.7028,33.7628],[-116.7021,33.7746],[-116.6674,33.7726],[-116.6631,33.7643],[-116.653,33.773],[-116.6143,33.7722],[-116.6144,33.6847],[-116.5125,33.6853],[-116.5121,33.6559],[-116.495,33.656],[-116.4948,33.627],[-116.4775,33.6266],[-116.4774,33.6127],[-116.4606,33.6127],[-116.4601,33.6419],[-116.443,33.6418],[-116.4428,33.6561],[-116.4607,33.6559],[-116.46,33.7136],[-116.4255,33.7141],[-116.4254,33.6996],[-116.4081,33.6996],[-116.408,33.685],[-116.4254,33.685],[-116.4254,33.6705],[-116.4079,33.6709],[-116.406,33.6777],[-116.3909,33.6779],[-116.3894,33.6745],[-116.3909,33.6849],[-116.3821,33.6849],[-116.3757,33.6707],[-116.3215,33.6707],[-116.3215,33.6126],[-116.2681,33.6127],[-116.268,33.5981],[-116.285,33.5981],[-116.2849,33.584],[-116.2503,33.5837],[-116.2503,33.5633],[-116.2157,33.5636],[-116.2157,33.5403],[-116.2848,33.54],[-116.2847,33.5256],[-116.2675,33.5257],[-116.267,33.4281],[-116.0852,33.4259],[-116.0811,33.0748],[-116.1033,33.0747],[-116.1038,32.8036],[-116.1301,32.8158],[-116.2202,32.8141],[-116.2201,32.8288],[-116.309,32.8294],[-116.3095,32.8151],[-116.3262,32.8149],[-116.3263,32.8295],[-116.3346,32.8297],[-116.3349,32.8514],[-116.3265,32.8514],[-116.3182,32.8585],[-116.3182,32.8717],[-116.3242,32.8647],[-116.3597,32.8559],[-116.3775,32.8584],[-116.3778,32.8655],[-116.4129,32.8637],[-116.416,32.8711],[-116.4114,32.8735],[-116.4215,32.891],[-116.4276,32.8918],[-116.4305,32.8842],[-116.448,32.8932],[-116.4613,32.9115],[-116.4824,32.9241],[-116.4826,32.9345],[-116.5045,32.9488],[-116.5177,32.9749],[-116.5307,32.9811],[-116.5346,32.9917],[-116.5452,32.9954],[-116.5602,33.0105],[-116.5765,32.9907],[-116.5953,32.9975],[-116.6069,33.0122],[-116.6211,33.0048],[-116.6216,33.0122],[-116.6313,33.0175],[-116.6348,33.0168],[-116.6309,33.0143],[-116.639,33.0152],[-116.6345,32.9991],[-116.6475,32.9994],[-116.6517,33.0133],[-116.6708,33.007],[-116.6638,33.0282],[-116.6848,33.0203],[-116.6949,33.0269],[-116.7009,33.0253],[-116.71,33.0193],[-116.7151,33.0023],[-116.72,33.0022],[-116.72,33.0069],[-116.7273,33.0052],[-116.7246,33.0121],[-116.7301,33.0326],[-116.7128,33.0839],[-116.7286,33.0868],[-116.7458,33.0735],[-116.7446,33.086],[-116.7509,33.0756],[-116.7593,33.0756],[-116.7619,33.0906],[-116.7546,33.101],[-116.7478,33.1011],[-116.7591,33.1076],[-116.7564,33.111],[-116.7672,33.1027],[-116.7796,33.1023],[-116.7884,33.1234],[-116.8068,33.1259],[-116.808,33.1218],[-116.8184,33.1201],[-116.8241,33.1252],[-116.8454,33.1178],[-116.8529,33.1202],[-116.8557,33.1066],[-116.8684,33.107],[-116.8926,33.0902],[-116.8931,33.1697],[-116.8795,33.1774],[-116.8681,33.2012],[-116.8502,33.2042],[-116.8503,33.2116],[-116.8418,33.2116],[-116.8411,33.2562],[-116.8152,33.256],[-116.8147,33.27],[-116.8241,33.2701],[-116.8239,33.2845],[-116.8412,33.2851],[-116.8405,33.2995],[-116.8958,33.2995],[-116.8957,33.3139],[-116.9701,33.3427],[-116.9278,33.3429],[-116.9278,33.3865],[-117.0158,33.3863],[-117.0162,33.4007],[-117.0321,33.4007],[-117.033,33.4151],[-117.052,33.4153],[-117.0523,33.4302],[-117.2413,33.432],[-117.2417,33.4489],[-117.3709,33.4905],[-117.3643,33.505],[-117.5097,33.505],[-117.5097,33.5091],[-117.5038,33.5089],[-117.5032,33.5204],[-117.5099,33.5205],[-117.5102,33.534],[-117.413,33.659],[-117.4746,33.7038],[-117.534,33.7104],[-117.5364,33.7577],[-117.5801,33.768],[-117.6621,33.8575],[-117.6743,33.858],[-117.6751,33.8692],[-117.691,33.8733],[-117.7243,33.867],[-117.7446,33.8702],[-117.7491,33.8745],[-117.7458,33.8792],[-117.7905,33.8623],[-117.8029,33.874],[-117.8285,33.8712],[-117.8316,33.8885],[-117.8446,33.8901],[-117.8458,33.9039],[-117.8458,33.904]]]]}},{"type":"Feature","properties":{"d":33},"geometry":{"type":"MultiPolygon","coordinates":[[[[-118.2564,33.9833],[-118.2564,33.9895],[-118.2303,33.9892],[-118.2297,33.9957],[-118.2238,33.9964],[-118.2236,33.9916],[-118.2128,33.9897],[-118.2126,33.984],[-118.204,33.9831],[-118.2043,33.9967],[-118.1842,33.9942],[-118.1726,33.9865],[-118.1778,33.997],[-118.1701,33.9995],[-118.1935,34.0095],[-118.1922,34.0165],[-118.1759,34.0115],[-118.1759,34.0183],[-118.1587,34.0107],[-118.1536,34.0196],[-118.1462,34.0181],[-118.1475,34.0098],[-118.1275,34.008],[-118.1299,33.993],[-118.1252,33.9912],[-118.1285,33.9855],[-118.1342,33.9857],[-118.1213,33.973],[-118.1343,33.9704],[-118.1586,33.9519],[-118.1659,33.9385],[-118.1615,33.9288],[-118.1704,33.9236],[-118.1492,33.9137],[-118.1535,33.9074],[-118.1429,33.9025],[-118.1427,33.8893],[-118.147,33.8893],[-118.147,33.8798],[-118.1513,33.8798],[-118.1512,33.8689],[-118.1143,33.869],[-118.1084,33.8656],[-118.1083,33.8584],[-118.1031,33.8584],[-118.0992,33.8459],[-118.0864,33.846],[-118.0864,33.8496],[-118.082,33.846],[-118.0589,33.8462],[-118.0612,33.8333],[-118.0688,33.8324],[-118.0676,33.838],[-118.072,33.8387],[-118.0819,33.834],[-118.0817,33.8251],[-118.0633,33.8241],[-118.0632,33.8197],[-118.0847,33.8029],[-118.0964,33.7798],[-118.092,33.7585],[-118.1141,33.7461],[-118.1478,33.6941],[-118.2216,33.6906],[-118.249,33.7559],[-118.2408,33.7583],[-118.2455,33.7639],[-118.2207,33.7825],[-118.2276,33.79],[-118.2224,33.8042],[-118.2246,33.8243],[-118.2157,33.8259],[-118.216,33.8343],[-118.2077,33.8392],[-118.2011,33.8607],[-118.2089,33.8813],[-118.1879,33.8815],[-118.1869,33.8925],[-118.1824,33.8891],[-118.1799,33.8927],[-118.1881,33.8947],[-118.1867,33.9071],[-118.2169,33.9123],[-118.2199,33.923],[-118.2288,33.9227],[-118.2303,33.929],[-118.2256,33.9294],[-118.2307,33.9577],[-118.2432,33.957],[-118.2432,33.9626],[-118.2564,33.9602],[-118.2564,33.9825],[-118.2564,33.9833]]],[[[-118.6682,33.4859],[-118.6557,33.5108],[-118.6259,33.529],[-118.5294,33.5312],[-118.5068,33.5249],[-118.4933,33.5157],[-118.4629,33.5104],[-118.4208,33.4818],[-118.3594,33.4649],[-118.3164,33.4341],[-118.3041,33.4036],[-118.2577,33.3641],[-118.2413,33.323],[-118.2459,33.2911],[-118.2509,33.2805],[-118.2692,33.2657],[-118.2925,33.2541],[-118.3186,33.2485],[-118.3438,33.25],[-118.3856,33.2654],[-118.4377,33.267],[-118.4867,33.2769],[-118.5104,33.2897],[-118.5349,33.3152],[-118.5475,33.3405],[-118.5512,33.3694],[-118.5479,33.3768],[-118.5911,33.3909],[-118.6186,33.4062],[-118.6551,33.4453],[-118.6676,33.4775],[-118.6682,33.4859]]],[[[-118.6782,33.0397],[-118.6638,33.0668],[-118.6326,33.0845],[-118.5783,33.0862],[-118.5421,33.0738],[-118.515,33.0499],[-118.4956,33.0263],[-118.4895,33.0106],[-118.4489,32.9618],[-118.3289,32.875],[-118.2973,32.8451],[-118.2888,32.8208],[-118.2958,32.7983],[-118.3238,32.7735],[-118.3535,32.7658],[-118.3784,32.7702],[-118.4083,32.7519],[-118.4365,32.75],[-118.4647,32.7602],[-118.5009,32.792],[-118.5351,32.8106],[-118.5505,32.8253],[-118.5625,32.8494],[-118.5969,32.8905],[-118.6088,32.9277],[-118.6355,32.9656],[-118.6447,33.0],[-118.6702,33.0],[-118.6786,33.0264],[-118.6782,33.0397]]]]}},{"type":"Feature","properties":{"d":34},"geometry":{"type":"MultiPolygon","coordinates":[[[[-118.0552,33.9301],[-118.0481,33.9316],[-118.0466,33.9258],[-118.0488,33.9357],[-118.0423,33.94],[-118.0521,33.9441],[-118.0457,33.9476],[-118.0537,33.9493],[-118.0496,33.9533],[-118.0457,33.9506],[-118.0456,33.9553],[-118.0034,33.9383],[-118.0008,33.9293],[-117.99,33.9319],[-117.9765,33.928],[-117.9765,33.946],[-117.92,33.9461],[-117.92,33.9319],[-117.9287,33.9319],[-117.9201,33.9246],[-117.933,33.9246],[-117.9303,33.9112],[-117.9417,33.9137],[-117.9417,33.9086],[-117.9473,33.909],[-117.9404,33.9043],[-117.9429,33.8898],[-117.959,33.877],[-117.879,33.874],[-117.875,33.8877],[-117.8666,33.8854],[-117.8704,33.8722],[-117.8483,33.869],[-117.8677,33.8672],[-117.8625,33.865],[-117.8523,33.8423],[-117.8529,33.7733],[-117.8314,33.773],[-117.8349,33.7617],[-117.8303,33.759],[-117.8322,33.7472],[-117.8435,33.742],[-117.8425,33.7338],[-117.8335,33.7338],[-117.8341,33.726],[-117.8447,33.7156],[-117.8376,33.7113],[-117.8487,33.7001],[-117.8554,33.7047],[-117.8677,33.6919],[-117.9194,33.6956],[-117.9195,33.7021],[-117.9308,33.7019],[-117.9156,33.7329],[-117.9366,33.7308],[-117.9416,33.7326],[-117.9439,33.7414],[-117.9376,33.7596],[-117.9289,33.7597],[-117.9292,33.7744],[-117.9235,33.7744],[-117.9239,33.7988],[-117.9412,33.7923],[-117.9371,33.8005],[-117.9414,33.8032],[-117.9756,33.8031],[-117.9676,33.8073],[-117.9753,33.8073],[-117.972,33.8113],[-117.9758,33.8125],[-117.9802,33.8103],[-117.9758,33.8158],[-118.0173,33.8099],[-118.016,33.82],[-118.0109,33.8217],[-118.0174,33.8227],[-118.0131,33.8304],[-118.0023,33.8357],[-117.9861,33.8358],[-117.9783,33.845],[-117.9806,33.854],[-117.9849,33.8539],[-117.983,33.8577],[-118.0113,33.8733],[-118.0114,33.88],[-118.0028,33.8809],[-118.0029,33.8882],[-117.9941,33.8882],[-117.9941,33.8955],[-117.9853,33.8955],[-117.9854,33.9028],[-117.9766,33.9028],[-117.9766,33.9174],[-117.9917,33.9173],[-117.9944,33.9245],[-118.0035,33.9231],[-118.0053,33.9283],[-118.0232,33.9241],[-118.0148,33.9171],[-118.055,33.917],[-118.0552,33.9293],[-118.0552,33.9301]]]]}},{"type":"Feature","properties":{"d":35},"geometry":{"type":"MultiPolygon","coordinates":[[[[-118.4459,33.9518],[-118.4318,33.9529],[-118.4316,33.9563],[-118.3788,33.9526],[-118.3701,33.9685],[-118.3718,33.9798],[-118.3768,33.9827],[-118.3352,33.9818],[-118.333,33.9672],[-118.3177,33.9709],[-118.3177,33.9455],[-118.3134,33.9455],[-118.3134,33.9382],[-118.3025,33.9455],[-118.3003,33.9595],[-118.2432,33.9626],[-118.2432,33.957],[-118.2307,33.9577],[-118.2256,33.9294],[-118.2303,33.929],[-118.2288,33.9227],[-118.2199,33.923],[-118.2169,33.9123],[-118.1867,33.9071],[-118.1881,33.8947],[-118.1799,33.8927],[-118.1824,33.8891],[-118.1869,33.8925],[-118.1879,33.8815],[-118.2089,33.8813],[-118.2012,33.8605],[-118.2077,33.8392],[-118.216,33.8343],[-118.2157,33.8259],[-118.2246,33.8243],[-118.2224,33.8042],[-118.2276,33.79],[-118.2207,33.7825],[-118.2455,33.7639],[-118.2408,33.7583],[-118.249,33.7559],[-118.2216,33.6906],[-118.237,33.6906],[-118.2742,33.6634],[-118.3191,33.6595],[-118.3454,33.6634],[-118.3632,33.6721],[-118.3285,33.7294],[-118.3185,33.732],[-118.3184,33.7468],[-118.3096,33.7468],[-118.3091,33.7577],[-118.301,33.7577],[-118.3116,33.7631],[-118.3064,33.775],[-118.3099,33.7819],[-118.3091,33.8656],[-118.2993,33.8657],[-118.2991,33.8705],[-118.2944,33.8705],[-118.2981,33.8656],[-118.2905,33.8664],[-118.2917,33.9019],[-118.3265,33.9019],[-118.3438,33.8934],[-118.3438,33.8772],[-118.3613,33.8729],[-118.3613,33.8947],[-118.3787,33.8946],[-118.3786,33.9154],[-118.3743,33.9172],[-118.3787,33.9309],[-118.4288,33.931],[-118.4222,33.92],[-118.4276,33.9163],[-118.4465,33.952],[-118.4459,33.9518]]]]}},{"type":"Feature","properties":{"d":36},"geometry":{"type":"MultiPolygon","coordinates":[[[[-118.1415,33.7036],[-118.1141,33.7461],[-118.092,33.7585],[-118.0964,33.7798],[-118.0847,33.8029],[-118.0632,33.8197],[-118.0633,33.8241],[-118.0817,33.8251],[-118.0819,33.834],[-118.0788,33.8387],[-118.0676,33.838],[-118.0688,33.8324],[-118.059,33.8352],[-118.0589,33.8462],[-118.082,33.846],[-118.0864,33.8496],[-118.0864,33.846],[-118.0992,33.8459],[-118.1031,33.8584],[-118.1083,33.8584],[-118.1086,33.8869],[-118.0955,33.8874],[-118.0938,33.8785],[-118.0727,33.8804],[-118.0685,33.8876],[-118.0384,33.8878],[-118.0289,33.8826],[-118.0288,33.8733],[-118.01,33.8734],[-117.983,33.8577],[-117.9849,33.8539],[-117.9806,33.854],[-117.9783,33.8468],[-117.9805,33.8395],[-118.0131,33.8304],[-118.0174,33.8227],[-118.0109,33.8217],[-118.016,33.82],[-118.0173,33.8099],[-117.9758,33.8158],[-117.9802,33.8103],[-117.9758,33.8125],[-117.972,33.8113],[-117.9753,33.8073],[-117.9676,33.8073],[-117.9756,33.8031],[-117.9414,33.8032],[-117.9371,33.8005],[-117.9412,33.7923],[-117.9239,33.7988],[-117.9235,33.7744],[-117.9292,33.7744],[-117.9301,33.7579],[-117.9376,33.7596],[-117.9376,33.7524],[-117.9419,33.7523],[-117.9439,33.7371],[-117.9366,33.7308],[-117.9156,33.7329],[-117.9152,33.7294],[-117.92,33.7275],[-117.9172,33.7237],[-117.9423,33.681],[-117.9547,33.6432],[-117.9451,33.6433],[-117.9417,33.6478],[-117.9448,33.6405],[-117.9394,33.6324],[-117.9115,33.6256],[-117.8992,33.638],[-117.8986,33.6486],[-117.8884,33.6544],[-117.8919,33.6567],[-117.8876,33.661],[-117.8944,33.6657],[-117.8892,33.6706],[-117.8747,33.6629],[-117.8584,33.6825],[-117.864,33.6717],[-117.8543,33.6661],[-117.8628,33.6576],[-117.8585,33.6405],[-117.8221,33.6207],[-117.8148,33.6114],[-117.7762,33.5996],[-117.7744,33.6184],[-117.7567,33.625],[-117.7564,33.6103],[-117.7481,33.5977],[-117.7572,33.5856],[-117.746,33.5823],[-117.741,33.5755],[-117.7435,33.5628],[-117.7351,33.557],[-117.7372,33.5484],[-117.73,33.5502],[-117.7259,33.5442],[-117.7195,33.5494],[-117.7267,33.5389],[-117.737,33.5396],[-117.7332,33.5201],[-117.7402,33.5112],[-117.7343,33.5099],[-117.7388,33.5074],[-117.7332,33.5028],[-117.7346,33.4982],[-117.7094,33.489],[-117.6826,33.4872],[-117.6854,33.4808],[-117.6781,33.4783],[-117.6793,33.4691],[-117.673,33.4665],[-117.6489,33.4666],[-117.638,33.4811],[-117.6107,33.4797],[-117.6125,33.4835],[-117.595,33.4835],[-117.5829,33.4908],[-117.5784,33.4834],[-117.5734,33.4834],[-117.5734,33.469],[-117.579,33.4647],[-117.5712,33.461],[-117.5712,33.4559],[-117.5785,33.4539],[-117.6111,33.334],[-117.7136,33.4088],[-117.7414,33.4101],[-117.8164,33.4909],[-117.934,33.5493],[-118.0498,33.62],[-118.0965,33.6537],[-118.1259,33.6972],[-118.1478,33.6941],[-118.1415,33.7036]]]]}},{"type":"Feature","properties":{"d":37},"geometry":{"type":"MultiPolygon","coordinates":[[[[-117.9589,33.8772],[-117.9429,33.8898],[-117.9404,33.9043],[-117.9473,33.909],[-117.9417,33.9086],[-117.9417,33.9137],[-117.9303,33.9112],[-117.933,33.9246],[-117.9243,33.9246],[-117.9118,33.9068],[-117.8767,33.9108],[-117.8768,33.9072],[-117.871,33.9103],[-117.8594,33.9075],[-117.8594,33.9038],[-117.8458,33.9039],[-117.8446,33.8901],[-117.8316,33.8885],[-117.8285,33.8712],[-117.8029,33.874],[-117.7905,33.8623],[-117.7458,33.8792],[-117.7491,33.8745],[-117.7446,33.8702],[-117.7243,33.867],[-117.691,33.8733],[-117.6751,33.8692],[-117.6743,33.858],[-117.6621,33.8575],[-117.5801,33.768],[-117.5364,33.7577],[-117.534,33.7104],[-117.4746,33.7038],[-117.413,33.659],[-117.4927,33.5577],[-117.5002,33.5619],[-117.5188,33.5554],[-117.5233,33.5581],[-117.5394,33.5438],[-117.5413,33.5359],[-117.5501,33.533],[-117.5661,33.5399],[-117.5748,33.5553],[-117.5718,33.5932],[-117.5752,33.6067],[-117.5663,33.6127],[-117.5551,33.6426],[-117.5562,33.6513],[-117.5521,33.6514],[-117.5562,33.6646],[-117.5649,33.6646],[-117.5649,33.6574],[-117.587,33.6568],[-117.6022,33.6458],[-117.6088,33.6556],[-117.6067,33.6649],[-117.6242,33.6728],[-117.6532,33.6564],[-117.6636,33.6408],[-117.6937,33.6163],[-117.6947,33.6068],[-117.7209,33.6283],[-117.7412,33.6311],[-117.7463,33.6212],[-117.7435,33.6148],[-117.737,33.6135],[-117.7313,33.6211],[-117.7118,33.6181],[-117.7128,33.6099],[-117.7035,33.6044],[-117.7015,33.5957],[-117.7162,33.5959],[-117.6919,33.5588],[-117.6855,33.5574],[-117.6725,33.568],[-117.6744,33.5418],[-117.6805,33.5421],[-117.68,33.5462],[-117.6849,33.5365],[-117.6847,33.5238],[-117.6792,33.518],[-117.6809,33.5089],[-117.677,33.5089],[-117.6867,33.4871],[-117.6991,33.4912],[-117.7094,33.489],[-117.7346,33.4982],[-117.7332,33.5028],[-117.7388,33.5074],[-117.7343,33.5099],[-117.7402,33.5112],[-117.7332,33.5201],[-117.737,33.5396],[-117.7267,33.5389],[-117.7195,33.5494],[-117.7259,33.5442],[-117.73,33.5502],[-117.7372,33.5484],[-117.7351,33.557],[-117.7435,33.5628],[-117.741,33.5755],[-117.746,33.5823],[-117.7572,33.5856],[-117.7481,33.5977],[-117.7564,33.6103],[-117.757,33.6253],[-117.7744,33.6184],[-117.7762,33.5996],[-117.8148,33.6114],[-117.8221,33.6207],[-117.8585,33.6405],[-117.8628,33.6576],[-117.8543,33.6661],[-117.864,33.6717],[-117.8585,33.6826],[-117.8747,33.6629],[-117.8892,33.6706],[-117.8944,33.6657],[-117.8876,33.661],[-117.8919,33.6567],[-117.8884,33.6544],[-117.8986,33.6486],[-117.8992,33.638],[-117.9115,33.6256],[-117.9394,33.6324],[-117.9448,33.6405],[-117.9417,33.6478],[-117.9451,33.6433],[-117.9547,33.6432],[-117.9423,33.681],[-117.9295,33.702],[-117.9195,33.7021],[-117.9194,33.6956],[-117.8677,33.6919],[-117.8554,33.7047],[-117.8487,33.7001],[-117.8376,33.7113],[-117.8447,33.7156],[-117.8338,33.7275],[-117.8335,33.7338],[-117.8425,33.7338],[-117.8435,33.742],[-117.8338,33.7439],[-117.8303,33.759],[-117.8349,33.7617],[-117.8314,33.773],[-117.8531,33.7739],[-117.8523,33.8423],[-117.8625,33.865],[-117.8677,33.8672],[-117.8487,33.8693],[-117.8704,33.8722],[-117.8666,33.8854],[-117.875,33.8877],[-117.879,33.874],[-117.959,33.877],[-117.9589,33.8772]]]]}},{"type":"Feature","properties":{"d":38},"geometry":{"type":"MultiPolygon","coordinates":[[[[-117.7463,33.6212],[-117.7412,33.6311],[-117.7209,33.6283],[-117.6947,33.6068],[-117.6937,33.6163],[-117.6636,33.6408],[-117.6532,33.6564],[-117.6242,33.6728],[-117.6067,33.6649],[-117.6088,33.6556],[-117.6022,33.6458],[-117.587,33.6568],[-117.5649,33.6574],[-117.5649,33.6646],[-117.5562,33.6646],[-117.5521,33.6514],[-117.5562,33.6513],[-117.5602,33.6275],[-117.576,33.5999],[-117.5718,33.5932],[-117.575,33.5854],[-117.573,33.5477],[-117.5591,33.535],[-117.5413,33.5359],[-117.5394,33.5438],[-117.5233,33.5581],[-117.5188,33.5554],[-117.4947,33.561],[-117.4927,33.5577],[-117.5102,33.534],[-117.5099,33.5205],[-117.5032,33.5204],[-117.5038,33.5089],[-117.5097,33.5091],[-117.5097,33.505],[-117.3643,33.505],[-117.3709,33.4905],[-117.2417,33.4489],[-117.2413,33.432],[-117.2249,33.432],[-117.2381,33.4131],[-117.2491,33.409],[-117.2502,33.4006],[-117.2558,33.4022],[-117.2621,33.3583],[-117.2538,33.3582],[-117.2492,33.3289],[-117.2601,33.3292],[-117.2601,33.3219],[-117.2492,33.3218],[-117.2415,33.2927],[-117.2475,33.2811],[-117.245,33.2671],[-117.2369,33.2673],[-117.2363,33.2601],[-117.245,33.2535],[-117.2449,33.2406],[-117.2557,33.2466],[-117.2628,33.2374],[-117.2294,33.2284],[-117.2294,33.2348],[-117.2172,33.2376],[-117.2223,33.2303],[-117.2152,33.2316],[-117.2153,33.2249],[-117.2048,33.2265],[-117.208,33.2111],[-117.2015,33.2111],[-117.2062,33.2101],[-117.2052,33.2063],[-117.1997,33.206],[-117.2006,33.21],[-117.1923,33.207],[-117.1923,33.2011],[-117.2159,33.2041],[-117.2122,33.1939],[-117.2086,33.1947],[-117.2096,33.1866],[-117.2201,33.1907],[-117.2175,33.1819],[-117.2283,33.1795],[-117.2248,33.1739],[-117.2157,33.1755],[-117.2095,33.1682],[-117.2179,33.1629],[-117.2133,33.1596],[-117.219,33.1596],[-117.2159,33.1581],[-117.2187,33.1535],[-117.2124,33.1549],[-117.2131,33.1506],[-117.2212,33.132],[-117.2299,33.1312],[-117.2298,33.1177],[-117.226,33.117],[-117.221,33.0951],[-117.2154,33.091],[-117.2102,33.0918],[-117.2113,33.0951],[-117.2044,33.0935],[-117.2022,33.0806],[-117.1907,33.084],[-117.1906,33.0949],[-117.1797,33.0951],[-117.1727,33.1025],[-117.1657,33.0986],[-117.1561,33.1059],[-117.1565,33.0945],[-117.1419,33.0947],[-117.1477,33.0887],[-117.1396,33.0887],[-117.1536,33.085],[-117.1569,33.0772],[-117.1697,33.0705],[-117.1721,33.0622],[-117.1787,33.0586],[-117.1786,33.0512],[-117.1872,33.0511],[-117.1872,33.0436],[-117.1839,33.0356],[-117.1619,33.0341],[-117.1783,33.0184],[-117.1742,33.0121],[-117.1609,33.0073],[-117.1699,33.0072],[-117.1676,32.9664],[-117.1452,32.9543],[-117.1301,32.954],[-117.1298,32.9487],[-117.177,32.9339],[-117.1827,32.9413],[-117.2105,32.9364],[-117.2143,32.9439],[-117.241,32.9317],[-117.2246,32.9027],[-117.2357,32.8397],[-117.2162,32.8405],[-117.2132,32.8257],[-117.2017,32.8172],[-117.1917,32.7934],[-117.1894,32.7978],[-117.1845,32.7824],[-117.1872,32.7764],[-117.1799,32.7734],[-117.1842,32.7721],[-117.1836,32.7663],[-117.1615,32.7715],[-117.1616,32.7588],[-117.2042,32.7599],[-117.2559,32.7537],[-117.259,32.7132],[-117.3098,32.7129],[-117.2977,32.642],[-117.3092,32.6564],[-117.3209,32.6898],[-117.3303,32.8048],[-117.342,32.8404],[-117.3397,32.8592],[-117.3233,32.9031],[-117.3759,33.0752],[-117.4356,33.1775],[-117.5496,33.2944],[-117.5715,33.3123],[-117.6111,33.334],[-117.5785,33.4539],[-117.5712,33.4559],[-117.5712,33.461],[-117.579,33.4647],[-117.5734,33.469],[-117.5734,33.4834],[-117.5784,33.4834],[-117.5829,33.4908],[-117.595,33.4835],[-117.6125,33.4835],[-117.6107,33.4797],[-117.638,33.4811],[-117.6489,33.4666],[-117.6793,33.4691],[-117.6781,33.4783],[-117.6854,33.4808],[-117.6826,33.4872],[-117.6866,33.4873],[-117.677,33.5089],[-117.6809,33.5089],[-117.6792,33.518],[-117.6847,33.5238],[-117.6849,33.5365],[-117.68,33.5462],[-117.6805,33.5421],[-117.6744,33.5418],[-117.6726,33.5685],[-117.6855,33.5574],[-117.6919,33.5588],[-117.7162,33.5959],[-117.7015,33.5957],[-117.7035,33.6044],[-117.7128,33.6099],[-117.712,33.6183],[-117.7313,33.6211],[-117.7387,33.6131],[-117.7462,33.6212],[-117.7463,33.6212]]]]}},{"type":"Feature","properties":{"d":39},"geometry":{"type":"MultiPolygon","coordinates":[[[[-117.3098,32.7129],[-117.259,32.7132],[-117.2559,32.7537],[-117.2042,32.7599],[-117.1616,32.7588],[-117.1615,32.7715],[-117.1836,32.7663],[-117.1842,32.7721],[-117.1799,32.7734],[-117.1872,32.7764],[-117.1845,32.7824],[-117.1894,32.7978],[-117.1917,32.7934],[-117.2017,32.8172],[-117.2158,32.831],[-117.2178,32.8421],[-117.2067,32.8468],[-117.1734,32.8468],[-117.1544,32.8372],[-117.0936,32.8414],[-117.0638,32.8545],[-117.0358,32.8509],[-117.0237,32.8402],[-117.0367,32.8384],[-117.0382,32.8314],[-117.01,32.8156],[-117.0112,32.8203],[-117.0021,32.8196],[-116.9961,32.8257],[-117.0007,32.8283],[-116.9901,32.8263],[-116.9871,32.831],[-116.964,32.8296],[-116.9623,32.8249],[-116.9602,32.8296],[-116.9475,32.8296],[-116.9365,32.8208],[-116.91,32.8207],[-116.8817,32.8447],[-116.8913,32.8353],[-116.8894,32.8308],[-116.873,32.8269],[-116.8623,32.8293],[-116.8579,32.8258],[-116.8622,32.8148],[-116.8476,32.8172],[-116.8409,32.813],[-116.8477,32.7816],[-116.8672,32.7834],[-116.8718,32.7792],[-116.8876,32.7885],[-116.8932,32.7855],[-116.8818,32.7655],[-116.9039,32.7556],[-116.9206,32.7416],[-116.9347,32.7416],[-116.9594,32.7048],[-116.9939,32.6877],[-116.9999,32.6789],[-117.0162,32.6744],[-117.0171,32.6917],[-117.0417,32.6715],[-117.0654,32.6624],[-117.0728,32.6816],[-117.0647,32.6838],[-117.0654,32.6914],[-117.0944,32.6896],[-117.1032,32.7257],[-117.1164,32.7408],[-117.1202,32.7398],[-117.1188,32.7356],[-117.1251,32.7356],[-117.1253,32.7296],[-117.1339,32.7296],[-117.1339,32.7194],[-117.1478,32.7193],[-117.1473,32.7052],[-117.1732,32.7017],[-117.1333,32.676],[-117.1145,32.5933],[-117.1317,32.5856],[-117.1931,32.586],[-117.1929,32.6186],[-117.2233,32.6212],[-117.252,32.6149],[-117.2769,32.6235],[-117.2977,32.642],[-117.3073,32.6987],[-117.3098,32.7129]]]]}},{"type":"Feature","properties":{"d":40},"geometry":{"type":"MultiPolygon","coordinates":[[[[-117.2628,33.2375],[-117.2557,33.2466],[-117.2449,33.2406],[-117.245,33.2535],[-117.2363,33.2601],[-117.2369,33.2673],[-117.245,33.2671],[-117.2475,33.2811],[-117.2415,33.2927],[-117.2492,33.3218],[-117.2601,33.3219],[-117.2601,33.3292],[-117.2492,33.3289],[-117.2538,33.3582],[-117.2621,33.3583],[-117.2558,33.4022],[-117.2502,33.4006],[-117.2491,33.409],[-117.2381,33.4131],[-117.2249,33.432],[-117.0523,33.4302],[-117.052,33.4153],[-117.033,33.4151],[-117.0321,33.4007],[-117.0162,33.4007],[-117.0158,33.3863],[-116.9278,33.3865],[-116.9278,33.3429],[-116.9701,33.3427],[-116.8957,33.3139],[-116.8958,33.2995],[-116.8405,33.2995],[-116.8412,33.2851],[-116.8239,33.2845],[-116.8241,33.2701],[-116.8147,33.27],[-116.8152,33.256],[-116.8411,33.2562],[-116.8418,33.2116],[-116.8503,33.2116],[-116.8502,33.2042],[-116.8681,33.2012],[-116.8795,33.1774],[-116.8931,33.1697],[-116.8926,33.0902],[-116.8684,33.107],[-116.8557,33.1066],[-116.8542,33.1194],[-116.8454,33.1178],[-116.8345,33.1241],[-116.8222,33.1252],[-116.8184,33.1201],[-116.808,33.1218],[-116.8068,33.1259],[-116.7882,33.1233],[-116.7775,33.1018],[-116.7652,33.1035],[-116.7564,33.111],[-116.7591,33.1076],[-116.7478,33.1011],[-116.7546,33.101],[-116.7619,33.0906],[-116.7593,33.0756],[-116.7509,33.0756],[-116.7446,33.086],[-116.7458,33.0735],[-116.7286,33.0868],[-116.7125,33.0829],[-116.7204,33.07],[-116.7199,33.0544],[-116.726,33.0525],[-116.7212,33.0498],[-116.7301,33.0326],[-116.7246,33.0121],[-116.7273,33.0052],[-116.72,33.0069],[-116.72,33.0022],[-116.7151,33.0023],[-116.71,33.0193],[-116.7009,33.0253],[-116.6949,33.0269],[-116.6848,33.0203],[-116.6638,33.0282],[-116.6708,33.007],[-116.6517,33.0133],[-116.6475,32.9994],[-116.6345,32.9991],[-116.639,33.0152],[-116.6309,33.0143],[-116.6348,33.0168],[-116.6313,33.0175],[-116.6216,33.0122],[-116.6211,33.0048],[-116.6069,33.0122],[-116.5953,32.9975],[-116.5765,32.9907],[-116.5602,33.0105],[-116.5452,32.9954],[-116.5346,32.9917],[-116.5307,32.9811],[-116.5177,32.9749],[-116.5045,32.9488],[-116.4826,32.9345],[-116.4824,32.9241],[-116.4613,32.9115],[-116.448,32.8932],[-116.4305,32.8842],[-116.4276,32.8918],[-116.4215,32.891],[-116.4114,32.8735],[-116.416,32.8711],[-116.4129,32.8637],[-116.3778,32.8655],[-116.3775,32.8584],[-116.3597,32.8559],[-116.3242,32.8647],[-116.3182,32.8717],[-116.3182,32.8585],[-116.3265,32.8514],[-116.3349,32.8514],[-116.3346,32.8297],[-116.3263,32.8295],[-116.323,32.8101],[-116.3084,32.8062],[-116.3297,32.7954],[-116.3264,32.8002],[-116.3383,32.8002],[-116.3429,32.8155],[-116.383,32.815],[-116.3917,32.7913],[-116.4027,32.7979],[-116.4074,32.8142],[-116.421,32.798],[-116.4231,32.7757],[-116.4303,32.7704],[-116.435,32.7766],[-116.4391,32.7717],[-116.4393,32.7552],[-116.4514,32.7472],[-116.4554,32.7334],[-116.4797,32.7333],[-116.4837,32.7606],[-116.4924,32.7577],[-116.4951,32.7486],[-116.5039,32.7501],[-116.5097,32.7558],[-116.5079,32.7606],[-116.5152,32.7581],[-116.5156,32.7435],[-116.5277,32.744],[-116.5328,32.751],[-116.5306,32.755],[-116.548,32.7778],[-116.571,32.7698],[-116.5725,32.7637],[-116.5886,32.7727],[-116.6115,32.7699],[-116.6098,32.7645],[-116.62,32.7596],[-116.6269,32.7439],[-116.6193,32.7362],[-116.6202,32.7314],[-116.6824,32.7281],[-116.6683,32.7491],[-116.6948,32.7612],[-116.7031,32.7676],[-116.6997,32.7706],[-116.7152,32.7786],[-116.7187,32.7731],[-116.7361,32.7751],[-116.7349,32.7592],[-116.7551,32.7537],[-116.7529,32.7499],[-116.7399,32.7511],[-116.7392,32.7442],[-116.7328,32.7445],[-116.7462,32.7416],[-116.7729,32.7548],[-116.8103,32.7429],[-116.8158,32.7492],[-116.8152,32.7583],[-116.8447,32.7575],[-116.8465,32.7599],[-116.8374,32.7645],[-116.8479,32.7639],[-116.854,32.7758],[-116.8701,32.7732],[-116.8838,32.7823],[-116.8784,32.7706],[-116.8848,32.7695],[-116.8879,32.7809],[-116.8933,32.7823],[-116.8885,32.7885],[-116.8718,32.7792],[-116.8672,32.7834],[-116.8476,32.7817],[-116.8409,32.813],[-116.8476,32.8172],[-116.8622,32.8148],[-116.8579,32.8258],[-116.8623,32.8293],[-116.873,32.8269],[-116.8894,32.8308],[-116.8913,32.8353],[-116.8817,32.8447],[-116.91,32.8207],[-116.9365,32.8208],[-116.9475,32.8296],[-116.9602,32.8296],[-116.9623,32.8249],[-116.964,32.8296],[-116.9871,32.831],[-116.9901,32.8263],[-117.0007,32.8283],[-116.9961,32.8257],[-117.0021,32.8196],[-117.0112,32.8203],[-117.01,32.8156],[-117.0382,32.8314],[-117.0367,32.8384],[-117.0238,32.84],[-117.0294,32.8482],[-117.0603,32.8545],[-117.0951,32.8412],[-117.1555,32.8372],[-117.1731,32.8467],[-117.2043,32.8471],[-117.2352,32.8386],[-117.2246,32.9027],[-117.2404,32.9323],[-117.2143,32.9439],[-117.2105,32.9364],[-117.1827,32.9413],[-117.177,32.9339],[-117.1686,32.9388],[-117.1474,32.9402],[-117.1401,32.9485],[-117.1299,32.9469],[-117.1301,32.954],[-117.1452,32.9543],[-117.1676,32.9664],[-117.1699,33.0072],[-117.1609,33.0073],[-117.1742,33.0121],[-117.1783,33.0184],[-117.1619,33.0341],[-117.1839,33.0356],[-117.1872,33.0436],[-117.1872,33.0511],[-117.1786,33.0512],[-117.1787,33.0586],[-117.1721,33.0622],[-117.1697,33.0705],[-117.1569,33.0772],[-117.1536,33.085],[-117.1396,33.0887],[-117.1477,33.0887],[-117.1419,33.0947],[-117.1565,33.0945],[-117.1561,33.1059],[-117.1657,33.0986],[-117.1727,33.1025],[-117.1797,33.0951],[-117.1906,33.0949],[-117.1907,33.084],[-117.2022,33.0806],[-117.2044,33.0935],[-117.2113,33.0951],[-117.2102,33.0918],[-117.2154,33.091],[-117.221,33.0951],[-117.226,33.117],[-117.2298,33.1177],[-117.2299,33.1312],[-117.2212,33.132],[-117.2131,33.1506],[-117.2124,33.1549],[-117.2187,33.1535],[-117.2159,33.1581],[-117.219,33.1596],[-117.2133,33.1596],[-117.2179,33.1629],[-117.2095,33.1682],[-117.2157,33.1755],[-117.2248,33.1739],[-117.2283,33.1795],[-117.2175,33.1819],[-117.2201,33.1907],[-117.2096,33.1866],[-117.2086,33.1947],[-117.2122,33.1939],[-117.2159,33.2041],[-117.1923,33.2011],[-117.1923,33.207],[-117.2006,33.21],[-117.1997,33.206],[-117.2052,33.2063],[-117.2062,33.2101],[-117.2015,33.2111],[-117.208,33.2111],[-117.2048,33.2265],[-117.2153,33.2249],[-117.2152,33.2316],[-117.2223,33.2303],[-117.2172,33.2376],[-117.2294,33.2348],[-117.2294,33.2284],[-117.2628,33.2374],[-117.2628,33.2375]]]]}}]}